game_id,season,round,date,ts,kickoff_hour,weekday,played,status,home_id,home,away_id,away,hg,ag,h_xa,a_xa,h_xgot,a_xgot,h_saves,a_saves,h_shots,a_shots,h_xgc,a_xgc,h_fouls,a_fouls,h_corners,a_corners,h_red,a_red,h_shots_ib,a_shots_ib,h_attacks,a_attacks,h_sot,a_sot,h_bigch,a_bigch,h_yellow,a_yellow,h_poss,a_poss,h_xg,a_xg,book,odds_H,open_H,odds_D,open_D,odds_A,open_A,h_rest,a_rest,h_xg_all,h_npxg,h_xg_open,h_xg_openstr,h_xg_sp,h_xg_level,h_xgot_sum,h_pens,h_shots_n,a_xg_all,a_npxg,a_xg_open,a_xg_openstr,a_xg_sp,a_xg_level,a_xgot_sum,a_pens,a_shots_n
4214722,142,3,2024-09-20,1726839000.0,17.5,4,True,Ended,8345,Baniyas,8652,Ajman Club,3.0,1.0,0.98,0.47,1.55,0.54,0.0,1.0,8.0,8.0,0.27,0.76,14.0,12.0,2.0,8.0,0.0,0.0,,,80.0,94.0,4.0,1.0,1.0,0.0,0.0,0.0,42.0,58.0,0.76,0.27,Bet365,2.25,2.0,3.6,4.0,2.55,2.75,,,0.77,0.77,0.77,0.77,0.0,0.37,1.5500000000000005,0.0,8.0,0.25,0.25,0.22,0.2,0.03,0.02,0.54,0.0,8.0
4214727,142,3,2024-09-20,1726848000.0,20.0,4,True,Ended,10904,Dubba Al Husun,57374,Al Bataeh,1.0,2.0,0.44,1.63,0.61,2.21,5.0,2.0,9.0,12.0,1.89,0.48,9.0,7.0,5.0,2.0,0.0,0.0,,,88.0,95.0,3.0,7.0,1.0,3.0,1.0,4.0,50.0,50.0,0.48,1.89,Bet365,3.2,3.4,3.9,4.0,1.85,1.75,,,0.4800000000000001,0.4800000000000001,0.45,0.39,0.03,0.36,0.62,0.0,9.0,1.8800000000000003,1.8800000000000003,1.8800000000000003,1.8800000000000003,0.0,1.8800000000000003,2.21,0.0,12.0
4214724,142,3,2024-09-21,1726925400.0,17.5,5,True,Ended,8351,Sharjah SC,8344,Jazira Abu Dhabi,4.0,0.0,1.04,0.31,2.11,0.11,1.0,3.0,14.0,7.0,0.3,1.17,7.0,10.0,7.0,2.0,0.0,2.0,,,74.0,77.0,7.0,1.0,1.0,0.0,1.0,0.0,53.0,47.0,1.17,0.3,Bet365,2.05,1.91,3.4,3.6,3.1,3.2,,,1.17,1.17,1.17,0.8200000000000001,0.0,0.18,2.1100000000000003,0.0,14.0,0.3,0.3,0.3,0.22,0.0,0.04,0.11,0.0,7.0
4214725,142,3,2024-09-21,1726934400.0,20.0,5,True,Ended,8346,Al Wasl,8349,Al Nasr Dubai,3.0,1.0,,,,,1.0,6.0,19.0,4.0,,,11.0,7.0,5.0,4.0,0.0,0.0,,,85.0,82.0,9.0,2.0,1.0,0.0,2.0,1.0,52.0,48.0,,,Bet365,1.73,1.8,3.75,3.6,3.8,3.6,,,1.14,1.14,1.09,0.74,0.05,0.24,1.49,0.0,19.0,0.13,0.13,0.13,0.08,0.0,0.12,0.23,0.0,4.0
4214723,142,3,2024-09-22,1727011800.0,17.5,6,True,Ended,8347,Shabab Al Ahly,8350,Al-Wahda,5.0,4.0,1.57,0.35,3.32,2.5,3.0,4.0,16.0,9.0,0.76,1.36,13.0,9.0,5.0,6.0,0.0,0.0,,,,,9.0,7.0,4.0,1.0,4.0,0.0,51.0,49.0,1.36,0.76,,,,,,,,,,1.35,1.35,1.3,1.15,0.05,0.67,3.32,0.0,16.0,0.76,0.76,0.5,0.5,0.26,0.13,2.5000000000000004,0.0,9.0
4214728,142,3,2024-09-22,1727011800.0,17.5,6,True,Ended,11565,Al Urooba,11134,Khor Fakkan,1.0,2.0,0.73,1.06,0.76,2.21,3.0,6.0,11.0,14.0,1.86,0.77,19.0,10.0,6.0,5.0,0.0,0.0,,,69.0,104.0,6.0,5.0,0.0,2.0,4.0,2.0,44.0,56.0,0.77,1.86,Bet365,2.88,2.4,3.7,3.75,2.0,2.3,,,0.77,0.77,0.54,0.5,0.23,0.56,0.76,0.0,11.0,1.8500000000000003,1.06,0.64,0.64,0.42,0.97,2.22,1.0,14.0
4215750,142,4,2024-09-26,1727356800.0,17.333333333333332,3,True,Ended,57374,Al Bataeh,8351,Sharjah SC,0.0,2.0,,,,,8.0,3.0,11.0,21.0,,,8.0,9.0,2.0,8.0,0.0,0.0,,,43.0,70.0,3.0,10.0,0.0,2.0,0.0,1.0,41.0,59.0,,,Bet365,4.75,5.0,4.5,4.5,1.48,1.44,5.888888888888889,4.993055555555555,0.7500000000000001,0.7500000000000001,0.7200000000000001,0.64,0.03,0.38,0.31,0.0,11.0,2.5500000000000003,1.7600000000000005,1.7600000000000005,1.6600000000000004,0.0,1.5200000000000005,3.99,1.0,21.0
4215751,142,4,2024-09-26,1727366400.0,20.0,3,True,Ended,8353,Al Ain,8346,Al Wasl,4.0,2.0,1.18,0.77,3.29,0.53,1.0,4.0,22.0,15.0,0.77,1.87,6.0,13.0,8.0,5.0,0.0,1.0,,,99.0,83.0,8.0,3.0,1.0,2.0,1.0,3.0,60.0,40.0,1.87,0.77,Bet365,2.38,2.8,3.7,3.75,2.4,2.05,,5.0,1.8800000000000008,1.0900000000000003,1.0900000000000003,0.9900000000000004,0.0,0.44,3.29,1.0,22.0,0.7700000000000002,0.7700000000000002,0.7100000000000002,0.6500000000000001,0.06,0.1,0.54,0.0,15.0
4215747,142,4,2024-09-27,1727443200.0,17.333333333333332,4,True,Ended,8652,Ajman Club,10904,Dubba Al Husun,5.0,1.0,,,,,2.0,5.0,16.0,14.0,,,17.0,7.0,9.0,6.0,0.0,0.0,,,57.0,70.0,10.0,3.0,3.0,1.0,3.0,1.0,44.0,56.0,,,Bet365,1.48,1.57,3.75,3.6,5.75,4.75,6.993055555555555,6.888888888888889,1.61,1.61,1.6,1.46,0.01,0.84,3.2900000000000005,0.0,16.0,2.22,1.4300000000000002,1.4300000000000002,1.3000000000000005,0.0,0.03,1.4900000000000002,1.0,14.0
4215749,142,4,2024-09-27,1727443200.0,17.333333333333332,4,True,Ended,11565,Al Urooba,8347,Shabab Al Ahly,1.0,4.0,,,,,1.0,1.0,11.0,12.0,,,16.0,7.0,3.0,1.0,0.0,0.0,,,66.0,74.0,3.0,5.0,1.0,2.0,5.0,0.0,34.0,66.0,,,Bet365,8.0,4.75,6.25,5.0,1.2,1.42,4.993055555555555,4.993055555555555,0.7700000000000001,0.7700000000000001,0.7700000000000001,0.7200000000000001,0.0,0.02,0.61,0.0,11.0,1.64,0.8500000000000001,0.6,0.6,0.25,0.12,2.56,1.0,12.0
4215748,142,4,2024-09-27,1727452800.0,20.0,4,True,Ended,8350,Al-Wahda,8345,Baniyas,2.0,2.0,0.54,0.64,2.03,1.51,3.0,4.0,14.0,9.0,1.25,0.98,12.0,9.0,7.0,1.0,0.0,0.0,,,77.0,56.0,6.0,5.0,3.0,3.0,1.0,3.0,62.0,38.0,0.98,1.25,Bet365,1.73,1.53,3.6,4.0,3.8,4.5,5.104166666666667,7.104166666666667,0.96,0.96,0.95,0.62,0.01,0.58,2.04,0.0,14.0,1.2600000000000002,1.2600000000000002,1.2300000000000002,1.2300000000000002,0.03,0.85,1.5100000000000002,0.0,9.0
4215752,142,4,2024-09-28,1727529600.0,17.333333333333332,5,True,Ended,11134,Khor Fakkan,8355,Kalba,0.0,2.0,,,,,3.0,3.0,14.0,11.0,,,16.0,12.0,6.0,3.0,0.0,0.0,,,61.0,54.0,3.0,5.0,2.0,2.0,2.0,3.0,59.0,41.0,,,Bet365,2.88,2.62,3.4,3.4,2.15,2.3,5.993055555555555,,1.2800000000000002,1.2800000000000002,0.9400000000000004,0.42,0.3399999999999999,0.6500000000000001,0.75,0.0,14.0,0.6799999999999999,0.6799999999999999,0.57,0.55,0.11,0.22,1.83,0.0,11.0
4215753,142,4,2024-09-28,1727539200.0,20.0,5,True,Ended,8344,Jazira Abu Dhabi,8349,Al Nasr Dubai,3.0,1.0,,,,,2.0,3.0,14.0,21.0,,,18.0,8.0,5.0,9.0,0.0,0.0,,,53.0,66.0,5.0,3.0,2.0,1.0,2.0,2.0,31.0,69.0,,,Bet365,2.25,2.3,3.4,3.4,2.75,2.62,7.104166666666667,7.0,2.22,1.4300000000000002,1.4300000000000002,1.3600000000000003,0.0,0.0,2.85,1.0,15.0,1.02,1.02,0.95,0.83,0.07,0.02,0.27,0.0,21.0
4215754,142,5,2024-10-05,1728133800.0,17.166666666666668,5,True,Ended,8349,Al Nasr Dubai,8652,Ajman Club,3.0,1.0,,,,,4.0,3.0,10.0,7.0,,,15.0,21.0,3.0,4.0,0.0,0.0,,,61.0,50.0,6.0,5.0,2.0,3.0,4.0,6.0,59.0,41.0,,,Bet365,1.83,1.67,4.0,4.1,3.3,3.7,6.881944444444445,7.993055555555555,1.53,1.53,1.53,1.35,0.0,0.49,2.2,0.0,10.0,0.5199999999999999,0.5199999999999999,0.4499999999999999,0.4499999999999999,0.07,0.26,1.6,0.0,7.0
4215755,142,5,2024-10-05,1728133800.0,17.166666666666668,5,True,Ended,10904,Dubba Al Husun,8344,Jazira Abu Dhabi,1.0,6.0,,,,,4.0,4.0,11.0,14.0,,,8.0,9.0,7.0,3.0,0.0,0.0,,,86.0,89.0,5.0,9.0,0.0,8.0,1.0,1.0,37.0,63.0,,,Bet365,5.25,3.25,4.5,3.9,1.44,1.83,7.993055555555555,6.881944444444445,0.3,0.3,0.24,0.1999999999999999,0.06,0.0,0.7000000000000001,0.0,11.0,4.42,3.63,2.73,1.7000000000000002,0.8999999999999999,1.61,5.430000000000001,1.0,14.0
4215756,142,5,2024-10-05,1728143100.0,19.75,5,True,Ended,8355,Kalba,57374,Al Bataeh,3.0,0.0,0.46,1.4,2.04,0.81,5.0,4.0,11.0,21.0,1.21,0.75,5.0,10.0,0.0,10.0,0.0,0.0,,,73.0,102.0,7.0,5.0,0.0,1.0,4.0,1.0,28.0,72.0,0.75,1.21,Bet365,1.91,2.5,3.6,3.4,3.3,2.4,7.100694444444445,9.100694444444445,0.7600000000000001,0.7600000000000001,0.7600000000000001,0.7500000000000001,0.0,0.09,2.05,0.0,11.0,1.2300000000000002,1.2300000000000002,1.09,0.8700000000000001,0.14,0.26,0.81,0.0,21.0
4215757,142,5,2024-10-05,1728143100.0,19.75,5,True,Ended,8346,Al Wasl,11134,Khor Fakkan,3.0,4.0,0.88,1.3,1.07,2.19,3.0,2.0,14.0,16.0,1.63,1.16,15.0,14.0,3.0,3.0,1.0,0.0,,,78.0,98.0,4.0,7.0,2.0,1.0,2.0,6.0,40.0,60.0,1.16,1.63,Bet365,1.33,1.2,5.75,7.0,5.75,8.0,8.989583333333334,7.100694444444445,1.1700000000000002,1.1700000000000002,1.1700000000000002,1.0200000000000002,0.0,0.28,1.08,0.0,14.0,1.64,1.64,1.61,1.07,0.03,0.8300000000000001,2.19,0.0,17.0
4215758,142,5,2024-10-06,1728220200.0,17.166666666666668,6,True,Ended,8345,Baniyas,8347,Shabab Al Ahly,1.0,5.0,0.24,2.77,0.77,2.76,4.0,1.0,3.0,25.0,3.11,0.28,8.0,16.0,0.0,8.0,1.0,0.0,,,61.0,131.0,2.0,8.0,1.0,4.0,1.0,2.0,32.0,68.0,0.28,3.11,Bet365,3.5,4.5,4.2,4.33,1.73,1.53,8.881944444444445,8.993055555555555,0.29,0.29,0.29,0.29,0.0,0.03,0.76,0.0,4.0,3.24,2.45,2.3800000000000003,2.140000000000001,0.07,0.74,2.8000000000000003,1.0,26.0
4215759,142,5,2024-10-06,1728229500.0,19.75,6,True,Ended,8353,Al Ain,8350,Al-Wahda,1.0,2.0,0.79,0.37,0.74,1.95,3.0,5.0,17.0,8.0,1.35,0.82,11.0,12.0,14.0,1.0,0.0,0.0,,,134.0,49.0,6.0,5.0,1.0,2.0,3.0,3.0,71.0,29.0,0.82,1.35,Bet365,1.65,2.2,3.7,3.4,4.2,2.75,9.989583333333334,8.989583333333334,0.8900000000000001,0.8900000000000001,0.8800000000000001,0.6200000000000001,0.01,0.3,0.89,0.0,18.0,1.3800000000000003,0.5900000000000001,0.5900000000000001,0.31,0.0,0.45,1.96,1.0,8.0
4215760,142,5,2024-10-06,1728229500.0,19.75,6,True,Ended,8351,Sharjah SC,11565,Al Urooba,2.0,1.0,0.54,0.2,1.9,0.89,0.0,4.0,13.0,7.0,0.38,1.89,12.0,16.0,10.0,2.0,0.0,1.0,,,71.0,70.0,6.0,1.0,3.0,1.0,2.0,4.0,56.0,44.0,1.89,0.38,Bet365,1.14,1.17,8.0,7.0,12.0,9.5,10.100694444444445,9.100694444444445,1.9,0.32,0.29,0.24,0.03,0.26,1.91,2.0,13.0,0.38,0.38,0.34,0.34,0.04,0.13,0.89,0.0,7.0
4224199,142,6,2024-10-25,1729860900.0,16.916666666666668,4,True,Ended,8353,Al Ain,10904,Dubba Al Husun,1.0,1.0,,,,,,,,,,,,,6.0,2.0,0.0,0.0,,,81.0,62.0,2.0,6.0,,,0.0,1.0,35.0,65.0,,,Bet365,1.36,1.3,4.75,5.5,6.5,6.0,18.881944444444443,19.989583333333332,,,,,,,,,,,,,,,,,,
4224403,142,6,2024-10-25,1729870200.0,19.5,4,True,Ended,8350,Al-Wahda,8355,Kalba,3.0,1.0,1.52,0.4,1.79,0.72,1.0,1.0,9.0,5.0,0.29,0.87,12.0,11.0,6.0,1.0,0.0,0.0,,,63.0,59.0,4.0,2.0,1.0,1.0,3.0,1.0,62.0,38.0,0.87,0.29,Bet365,1.7,1.8,4.33,4.0,3.6,3.25,18.989583333333332,19.989583333333332,0.8700000000000001,0.8700000000000001,0.8700000000000001,0.8700000000000001,0.0,0.2,1.79,0.0,9.0,0.29,0.29,0.26,0.26,0.03,0.13,0.72,0.0,5.0
4225051,142,6,2024-10-26,1729947300.0,16.916666666666668,5,True,Ended,11565,Al Urooba,8345,Baniyas,1.0,0.0,,,,,1.0,3.0,5.0,7.0,,,5.0,8.0,3.0,2.0,0.0,0.0,,,91.0,103.0,4.0,1.0,1.0,0.0,3.0,0.0,40.0,60.0,,,Bet365,3.6,5.0,3.3,4.0,1.9,1.5,19.881944444444443,19.989583333333332,0.74,0.74,0.32,0.32,0.42,0.42,1.27,0.0,5.0,0.14,0.14,0.14,0.14,0.0,0.0,0.02,0.0,7.0
4225052,142,6,2024-10-26,1729956600.0,19.5,5,True,Ended,8344,Jazira Abu Dhabi,11134,Khor Fakkan,4.0,2.0,,,,,1.0,1.0,8.0,5.0,,,3.0,1.0,0.0,2.0,0.0,0.0,,,92.0,75.0,6.0,3.0,1.0,1.0,2.0,2.0,59.0,41.0,,,Bet365,1.42,1.62,4.5,4.0,5.25,4.0,21.09722222222222,20.989583333333332,0.8200000000000001,0.8200000000000001,0.8200000000000001,0.51,0.0,0.08,1.37,0.0,7.0,0.4499999999999999,0.4499999999999999,0.4499999999999999,0.4499999999999999,0.0,0.0,0.8400000000000001,0.0,4.0
4225053,142,6,2024-10-26,1729956600.0,19.5,5,True,Ended,8652,Ajman Club,8346,Al Wasl,0.0,0.0,,,,,1.0,0.0,2.0,10.0,,,3.0,3.0,1.0,0.0,0.0,0.0,,,36.0,34.0,0.0,1.0,0.0,0.0,3.0,3.0,53.0,47.0,,,Bet365,4.0,5.5,4.0,4.5,1.62,1.4,21.09722222222222,20.989583333333332,0.06,0.06,0.06,0.06,0.0,0.06,0.0,0.0,2.0,0.6800000000000002,0.6800000000000002,0.6800000000000002,0.53,0.0,0.6800000000000002,0.01,0.0,10.0
4225855,142,6,2024-10-27,1730033700.0,16.916666666666668,6,True,Ended,57374,Al Bataeh,8349,Al Nasr Dubai,3.0,4.0,0.67,2.06,1.93,3.8,4.0,1.0,9.0,21.0,2.57,1.27,9.0,9.0,2.0,10.0,1.0,0.0,,,82.0,128.0,4.0,7.0,2.0,4.0,3.0,2.0,29.0,71.0,1.27,2.57,Bet365,4.2,4.33,4.0,4.0,1.57,1.57,21.881944444444443,21.989583333333332,1.2800000000000002,0.49,0.43,0.41,0.06,0.02,1.93,1.0,10.0,2.5600000000000005,1.7700000000000002,1.64,1.56,0.13,0.21,3.8,1.0,21.0
4225856,142,6,2024-10-27,1730043000.0,19.5,6,True,Ended,8347,Shabab Al Ahly,8351,Sharjah SC,2.0,1.0,0.72,0.46,1.7,0.21,1.0,2.0,11.0,6.0,0.4,1.65,16.0,21.0,2.0,8.0,1.0,1.0,,,82.0,75.0,4.0,2.0,2.0,0.0,5.0,5.0,56.0,44.0,1.65,0.4,Bet365,2.0,1.8,3.6,4.0,3.0,3.25,21.09722222222222,20.989583333333332,1.65,0.8600000000000001,0.8600000000000001,0.7200000000000001,0.0,0.75,1.7,1.0,11.0,0.41,0.41,0.28,0.28,0.13,0.18,0.22,0.0,6.0
4248779,142,7,2024-10-31,1730379000.0,16.833333333333332,3,True,Ended,8345,Baniyas,8351,Sharjah SC,1.0,4.0,1.44,1.01,0.8,3.06,1.0,1.0,7.0,10.0,3.31,0.91,13.0,12.0,4.0,0.0,0.0,0.0,,,71.0,79.0,2.0,5.0,1.0,3.0,3.0,1.0,49.0,51.0,0.91,3.31,Bet365,5.0,4.33,4.0,4.1,1.55,1.55,4.996527777777778,3.888888888888889,0.91,0.91,0.88,0.88,0.03,0.36,0.8,0.0,7.0,3.329999999999999,2.54,2.47,2.47,0.07,1.16,3.0499999999999994,1.0,10.0
4248783,142,7,2024-10-31,1730388600.0,19.5,3,True,Ended,8346,Al Wasl,8344,Jazira Abu Dhabi,2.0,2.0,1.83,0.98,2.53,1.49,3.0,7.0,17.0,11.0,0.87,2.12,12.0,12.0,6.0,9.0,0.0,1.0,,,80.0,81.0,9.0,5.0,2.0,1.0,2.0,2.0,50.0,50.0,2.12,0.87,Bet365,1.8,1.8,4.5,4.33,3.1,3.1,5.0,5.0,2.18,2.18,2.12,1.58,0.06,1.33,2.54,0.0,17.0,0.8700000000000001,0.8700000000000001,0.79,0.78,0.08,0.6200000000000001,1.5,0.0,11.0
4248780,142,7,2024-11-01,1730465400.0,16.833333333333332,4,True,Ended,8355,Kalba,11565,Al Urooba,3.0,0.0,1.54,0.57,2.11,0.15,2.0,3.0,18.0,10.0,0.39,1.74,6.0,6.0,5.0,5.0,0.0,0.0,,,92.0,114.0,7.0,2.0,2.0,0.0,0.0,0.0,44.0,56.0,1.74,0.39,Bet365,1.6,1.57,3.9,4.0,4.75,4.33,6.888888888888889,5.996527777777778,1.7600000000000002,0.9700000000000002,0.7200000000000002,0.7000000000000002,0.25,0.04,2.1099999999999994,1.0,18.0,0.51,0.51,0.51,0.21,0.0,0.0,0.24,0.0,11.0
4248782,142,7,2024-11-01,1730475000.0,19.5,4,True,Ended,8349,Al Nasr Dubai,8350,Al-Wahda,0.0,0.0,0.85,0.8,0.55,0.0,0.0,4.0,8.0,13.0,0.74,0.52,8.0,8.0,6.0,4.0,0.0,0.0,,,67.0,90.0,4.0,0.0,2.0,0.0,2.0,0.0,35.0,65.0,0.52,0.74,Bet365,2.2,2.15,3.75,3.7,2.6,2.7,5.107638888888889,7.0,0.5099999999999999,0.5099999999999999,0.5099999999999999,0.26,0.0,0.5099999999999999,0.55,0.0,8.0,0.7200000000000001,0.7200000000000001,0.68,0.6000000000000001,0.04,0.7200000000000001,0.0,0.0,13.0
4248784,142,7,2024-11-02,1730551800.0,16.833333333333332,5,True,Ended,11134,Khor Fakkan,10904,Dubba Al Husun,1.0,1.0,1.25,0.52,0.58,0.37,1.0,2.0,15.0,11.0,0.9,0.61,17.0,15.0,5.0,3.0,0.0,0.0,,,85.0,65.0,4.0,2.0,0.0,0.0,2.0,4.0,64.0,36.0,0.61,0.9,Bet365,1.67,1.3,4.2,5.5,3.6,6.0,6.888888888888889,7.996527777777778,0.6000000000000001,0.6000000000000001,0.56,0.55,0.04,0.21,0.5800000000000001,0.0,15.0,0.88,0.88,0.7100000000000001,0.64,0.17,0.35,0.37,0.0,11.0
4248785,142,7,2024-11-02,1730561400.0,19.5,5,True,Ended,8652,Ajman Club,57374,Al Bataeh,2.0,1.0,0.91,0.95,1.38,0.39,3.0,2.0,14.0,15.0,0.79,0.86,15.0,13.0,6.0,2.0,0.0,0.0,,,76.0,71.0,4.0,4.0,1.0,1.0,3.0,1.0,52.0,48.0,0.86,0.79,Bet365,1.75,1.73,3.9,4.0,3.5,3.5,7.0,6.107638888888889,1.08,1.08,1.08,1.04,0.0,0.7000000000000001,1.83,0.0,15.0,0.7800000000000001,0.7800000000000001,0.7500000000000001,0.5700000000000001,0.03,0.7800000000000001,0.3999999999999999,0.0,15.0
4290694,142,8,2024-11-10,1731242700.0,16.75,6,False,Postponed,11565,Al Urooba,8353,Al Ain,,,,,,,,,,,,,,,,,,,,,,,,,,,,,,,,,,,,,,,,8.996527777777779,15.993055555555555,,,,,,,,,,,,,,,,,,
4290695,142,8,2024-11-10,1731242700.0,16.75,6,False,Postponed,8347,Shabab Al Ahly,8355,Kalba,,,,,,,,,,,,,,,,,,,,,,,,,,,,,,,,,,,,,,,,13.885416666666666,8.996527777777779,,,,,,,,,,,,,,,,,,
4290696,142,8,2024-11-10,1731252600.0,19.5,6,False,Postponed,8351,Sharjah SC,8349,Al Nasr Dubai,,,,,,,,,,,,,,,,,,,,,,,,,,,,,,,,,,,,,,,,10.11111111111111,9.0,,,,,,,,,,,,,,,,,,
4248789,142,8,2024-11-21,1732192800.0,16.666666666666668,3,True,Ended,57374,Al Bataeh,11134,Khor Fakkan,1.0,3.0,1.41,1.18,0.89,1.91,2.0,3.0,11.0,13.0,2.91,0.99,12.0,7.0,7.0,2.0,0.0,0.0,,,102.0,101.0,4.0,6.0,0.0,5.0,4.0,1.0,57.0,43.0,0.99,2.91,Bet365,2.35,2.1,3.7,3.75,2.4,2.7,18.881944444444443,18.993055555555557,0.82,0.82,0.69,0.5700000000000001,0.13,0.03,0.89,0.0,11.0,2.9599999999999995,2.1699999999999995,2.01,1.2100000000000002,0.16,1.05,1.91,1.0,14.0
4248791,142,8,2024-11-21,1732203000.0,19.5,3,True,Ended,11565,Al Urooba,8353,Al Ain,2.0,4.0,0.62,2.13,1.39,5.18,5.0,2.0,13.0,19.0,3.37,1.77,10.0,12.0,3.0,6.0,0.0,0.0,,,52.0,64.0,4.0,9.0,2.0,7.0,2.0,1.0,41.0,59.0,1.77,3.37,Bet365,5.5,6.0,5.5,5.5,1.38,1.3,20.11111111111111,27.10763888888889,1.7700000000000002,1.7700000000000002,1.7600000000000002,1.16,0.01,0.0,1.39,0.0,13.0,3.41,3.41,2.870000000000001,1.81,0.54,0.4499999999999999,5.170000000000001,0.0,19.0
4248790,142,8,2024-11-22,1732279200.0,16.666666666666668,4,True,Ended,8347,Shabab Al Ahly,8355,Kalba,0.0,0.0,,,,,0.0,3.0,19.0,5.0,,,12.0,14.0,11.0,1.0,0.0,0.0,,,76.0,62.0,3.0,0.0,1.0,0.0,3.0,4.0,77.0,23.0,,,Bet365,1.29,1.36,5.5,4.75,7.5,6.0,25.881944444444443,20.993055555555557,1.98,1.1900000000000002,1.14,1.14,0.05,1.1900000000000002,0.29,1.0,19.0,0.17,0.17,0.06,0.06,0.11,0.17,0.0,0.0,5.0
4248792,142,8,2024-11-22,1732279200.0,16.666666666666668,4,True,Ended,8351,Sharjah SC,8349,Al Nasr Dubai,3.0,0.0,0.96,0.73,2.27,0.66,1.0,3.0,15.0,11.0,0.91,1.3,12.0,12.0,5.0,4.0,0.0,0.0,,,91.0,87.0,6.0,1.0,3.0,0.0,2.0,2.0,46.0,54.0,1.3,0.91,Bet365,1.65,1.85,3.9,3.6,4.0,3.4,21.993055555555557,20.881944444444443,1.3400000000000003,1.3400000000000003,1.2100000000000002,1.14,0.13,0.4,2.28,0.0,15.0,0.9200000000000002,0.9200000000000002,0.8600000000000001,0.8500000000000001,0.06,0.0,0.66,0.0,11.0
4248788,142,8,2024-11-22,1732289400.0,19.5,4,True,Ended,8350,Al-Wahda,8346,Al Wasl,2.0,2.0,0.99,1.71,2.35,0.91,2.0,4.0,13.0,9.0,0.55,1.3,10.0,9.0,4.0,7.0,0.0,1.0,,,91.0,68.0,5.0,4.0,2.0,1.0,1.0,3.0,61.0,39.0,1.3,0.55,Bet365,2.75,2.7,3.5,3.75,2.15,2.1,21.0,22.0,1.37,1.37,1.12,1.12,0.25,1.26,2.35,0.0,14.0,0.55,0.55,0.55,0.53,0.0,0.42,0.91,0.0,9.0
4248786,142,8,2024-11-23,1732365600.0,16.666666666666668,5,True,Ended,10904,Dubba Al Husun,8345,Baniyas,1.0,0.0,,,,,3.0,0.0,5.0,13.0,,,12.0,14.0,4.0,7.0,0.0,0.0,,,71.0,114.0,1.0,3.0,0.0,2.0,4.0,1.0,43.0,57.0,,,Bet365,3.7,3.2,3.7,3.6,1.75,1.91,20.993055555555557,22.993055555555557,0.49,0.49,0.49,0.47,0.0,0.17,0.94,0.0,5.0,0.68,0.68,0.56,0.48,0.12,0.26,0.23,0.0,13.0
4248787,142,8,2024-11-23,1732375800.0,19.5,5,True,Ended,8344,Jazira Abu Dhabi,8652,Ajman Club,4.0,0.0,0.73,0.3,1.95,0.14,3.0,2.0,12.0,8.0,0.47,1.56,12.0,17.0,4.0,2.0,0.0,0.0,,,112.0,85.0,6.0,3.0,3.0,0.0,0.0,2.0,55.0,45.0,1.56,0.47,Bet365,1.65,1.38,3.9,4.5,4.1,6.0,23.0,21.0,1.58,1.58,1.4900000000000002,1.12,0.09,0.67,1.95,0.0,12.0,0.4800000000000001,0.4800000000000001,0.31,0.19,0.1699999999999999,0.12,0.15,0.0,10.0
4289100,142,9,2024-12-07,1733575500.0,16.75,5,True,Ended,8350,Al-Wahda,11565,Al Urooba,3.0,0.0,,,,,,,,,,,,,2.0,6.0,0.0,0.0,,,109.0,79.0,10.0,3.0,,,1.0,2.0,59.0,41.0,,,Bet365,1.29,1.25,5.75,6.0,7.0,8.0,14.885416666666666,15.885416666666666,,,,,,,,,,,,,,,,,,
4289098,142,9,2024-12-07,1733585400.0,19.5,5,True,Ended,8353,Al Ain,8345,Baniyas,4.0,0.0,2.57,0.7,3.31,0.22,2.0,7.0,22.0,8.0,0.59,3.62,8.0,7.0,10.0,5.0,0.0,0.0,,,96.0,67.0,11.0,2.0,6.0,0.0,0.0,0.0,60.0,40.0,3.62,0.59,Bet365,1.33,1.45,5.0,4.5,7.0,5.5,16.0,14.118055555555555,3.61,3.61,2.7100000000000004,2.5600000000000005,0.9,0.7200000000000001,3.3000000000000003,0.0,24.0,0.6100000000000001,0.6100000000000001,0.6100000000000001,0.5700000000000001,0.0,0.28,0.22,0.0,8.0
4289102,142,9,2024-12-07,1733585400.0,19.5,5,True,Ended,8355,Kalba,8344,Jazira Abu Dhabi,1.0,1.0,0.44,1.26,0.51,1.59,6.0,3.0,12.0,19.0,2.18,0.99,17.0,7.0,0.0,6.0,0.0,0.0,,,64.0,113.0,4.0,7.0,2.0,2.0,5.0,2.0,34.0,66.0,0.99,2.18,Bet365,3.4,3.4,3.7,3.8,1.91,1.85,15.118055555555555,14.0,1.04,1.04,0.99,0.98,0.05,0.7500000000000001,0.51,0.0,12.0,2.26,1.4700000000000004,1.4,1.04,0.07,0.36,1.5699999999999998,1.0,19.0
4289099,142,9,2024-12-08,1733661900.0,16.75,6,True,Ended,11134,Khor Fakkan,8347,Shabab Al Ahly,1.0,1.0,0.52,1.15,0.67,1.89,5.0,1.0,5.0,25.0,1.71,1.38,18.0,10.0,6.0,7.0,0.0,0.0,,,86.0,109.0,2.0,6.0,1.0,0.0,2.0,2.0,38.0,62.0,1.38,1.71,Bet365,8.0,6.5,5.25,5.0,1.27,1.33,17.00347222222222,16.00347222222222,1.5,0.71,0.17,0.17,0.54,0.09,0.7000000000000001,1.0,5.0,2.02,2.02,1.82,1.2100000000000002,0.2,0.78,2.03,0.0,25.0
4289101,142,9,2024-12-08,1733661900.0,16.75,6,True,Ended,8346,Al Wasl,57374,Al Bataeh,3.0,1.0,2.38,0.27,2.13,0.67,2.0,3.0,17.0,8.0,0.34,1.88,10.0,13.0,12.0,3.0,0.0,0.0,,,113.0,62.0,6.0,3.0,4.0,0.0,4.0,4.0,69.0,31.0,1.88,0.34,Bet365,1.29,1.22,6.0,7.0,6.5,7.5,15.885416666666666,17.00347222222222,2.43,1.64,1.5500000000000005,1.54,0.09,0.78,2.92,1.0,17.0,0.4499999999999999,0.4499999999999999,0.35,0.21,0.1,0.35,0.7999999999999999,0.0,8.0
4289103,142,9,2024-12-08,1733671800.0,19.5,6,True,Ended,8349,Al Nasr Dubai,10904,Dubba Al Husun,3.0,2.0,0.76,1.08,1.55,2.62,4.0,0.0,8.0,15.0,2.33,1.26,16.0,16.0,4.0,9.0,0.0,0.0,,,79.0,94.0,3.0,7.0,2.0,3.0,4.0,1.0,56.0,44.0,1.26,2.33,Bet365,1.33,1.3,5.25,5.25,6.25,6.5,16.118055555555557,15.118055555555555,2.05,1.26,0.99,0.16,0.27,0.83,2.5500000000000003,1.0,8.0,2.7,2.7,1.6200000000000003,0.8000000000000003,1.08,0.0,2.79,0.0,15.0
4289104,142,9,2024-12-08,1733671800.0,19.5,6,True,Ended,8652,Ajman Club,8351,Sharjah SC,0.0,1.0,0.62,0.76,1.91,0.84,0.0,6.0,10.0,12.0,1.46,0.64,17.0,18.0,4.0,2.0,0.0,0.0,,,85.0,102.0,6.0,1.0,0.0,1.0,4.0,1.0,50.0,50.0,0.64,1.46,Bet365,6.5,5.25,4.2,4.0,1.38,1.5,15.0,16.118055555555557,0.7200000000000001,0.7200000000000001,0.5800000000000001,0.47,0.14,0.3999999999999999,1.97,0.0,10.0,1.46,0.6699999999999999,0.64,0.5900000000000001,0.03,0.6499999999999999,0.84,1.0,12.0
4214726,142,3,2024-12-11,1733931000.0,19.5,2,True,Ended,8355,Kalba,8353,Al Ain,3.0,3.0,0.26,3.5,1.43,2.09,2.0,0.0,4.0,27.0,2.67,0.41,10.0,11.0,1.0,12.0,1.0,0.0,,,47.0,126.0,3.0,5.0,1.0,2.0,4.0,1.0,28.0,72.0,0.41,2.67,Bet365,5.25,4.75,4.75,4.33,1.45,1.55,4.0,4.0,0.41,0.41,0.36,0.27,0.05,0.22,1.4300000000000002,0.0,4.0,2.89,2.89,2.59,2.37,0.3,0.3999999999999999,2.94,0.0,28.0
4289272,142,10,2024-12-14,1734180300.0,16.75,5,True,Ended,8345,Baniyas,57374,Al Bataeh,1.0,1.0,0.49,1.11,0.88,0.92,2.0,1.0,7.0,13.0,0.91,0.67,9.0,14.0,4.0,4.0,1.0,0.0,,,85.0,85.0,2.0,3.0,1.0,1.0,0.0,2.0,47.0,53.0,0.67,0.91,Bet365,1.9,2.25,3.4,3.25,3.5,2.75,6.885416666666667,6.0,0.68,0.68,0.49,0.29,0.19,0.68,0.88,0.0,7.0,0.91,0.91,0.7100000000000001,0.67,0.1999999999999999,0.7600000000000001,0.92,0.0,13.0
4289275,142,10,2024-12-14,1734180300.0,16.75,5,True,Ended,11565,Al Urooba,8652,Ajman Club,0.0,2.0,0.8,1.32,0.0,1.74,3.0,0.0,12.0,15.0,1.15,0.5,16.0,9.0,5.0,5.0,0.0,0.0,,,100.0,94.0,0.0,5.0,0.0,1.0,3.0,3.0,47.0,53.0,0.5,1.15,Bet365,3.9,3.25,3.2,3.25,1.83,2.0,7.0,5.885416666666667,0.51,0.51,0.48,0.3399999999999999,0.03,0.39,0.0,0.0,12.0,1.35,1.35,1.35,1.35,0.0,0.9200000000000002,1.76,0.0,15.0
4289273,142,10,2024-12-14,1734190200.0,19.5,5,True,Ended,8351,Sharjah SC,8350,Al-Wahda,2.0,0.0,0.83,1.23,1.38,0.63,3.0,3.0,12.0,14.0,0.41,1.02,14.0,8.0,5.0,6.0,0.0,0.0,,,75.0,137.0,5.0,3.0,1.0,0.0,2.0,2.0,38.0,62.0,1.02,0.41,Bet365,1.85,2.0,3.2,3.25,3.8,3.25,6.0,7.114583333333333,1.03,1.03,1.02,0.91,0.01,0.24,1.39,0.0,12.0,0.3899999999999999,0.3899999999999999,0.3699999999999999,0.32,0.02,0.07,0.64,0.0,14.0
4289271,142,10,2024-12-15,1734266700.0,16.75,6,True,Ended,8349,Al Nasr Dubai,11134,Khor Fakkan,3.0,1.0,1.18,1.06,1.59,0.42,2.0,5.0,19.0,9.0,1.09,1.35,11.0,8.0,8.0,1.0,0.0,1.0,,,75.0,54.0,8.0,4.0,2.0,2.0,2.0,1.0,68.0,32.0,1.35,1.09,Bet365,1.62,1.83,3.5,3.4,4.75,3.6,6.885416666666667,7.0,1.59,1.59,1.39,1.14,0.2,0.13,2.03,0.0,19.0,1.1900000000000002,1.1900000000000002,1.14,0.6000000000000001,0.05,0.24,0.44,0.0,9.0
4289274,142,10,2024-12-15,1734266700.0,16.75,6,True,Ended,10904,Dubba Al Husun,8355,Kalba,2.0,2.0,,,,,6.0,4.0,12.0,18.0,,,13.0,14.0,4.0,3.0,1.0,0.0,,,53.0,131.0,7.0,8.0,6.0,1.0,2.0,1.0,34.0,66.0,,,Bet365,4.0,3.25,3.4,3.25,1.8,2.0,6.885416666666667,3.8854166666666665,3.47,2.68,0.77,0.77,1.91,2.0200000000000005,3.78,1.0,12.0,1.4600000000000004,1.4600000000000004,0.7200000000000002,0.7200000000000002,0.74,0.35,2.02,0.0,19.0
4289270,142,10,2024-12-15,1734276600.0,19.5,6,True,Ended,8344,Jazira Abu Dhabi,8353,Al Ain,1.0,3.0,1.03,1.48,0.89,2.41,6.0,1.0,15.0,17.0,1.32,1.02,17.0,17.0,4.0,3.0,0.0,0.0,,,93.0,89.0,2.0,9.0,1.0,2.0,2.0,4.0,52.0,48.0,1.02,1.32,Bet365,2.9,1.91,3.3,3.4,2.1,3.4,8.0,4.0,1.06,1.06,0.7300000000000002,0.6000000000000001,0.33,0.91,0.89,0.0,17.0,1.37,1.37,1.32,1.1700000000000002,0.05,0.5,2.43,0.0,17.0
4289269,142,10,2024-12-17,1734449400.0,19.5,1,True,Ended,8347,Shabab Al Ahly,8346,Al Wasl,3.0,0.0,0.76,0.38,2.83,0.27,1.0,7.0,18.0,8.0,0.54,1.62,16.0,17.0,4.0,2.0,0.0,0.0,,,88.0,88.0,10.0,1.0,3.0,0.0,3.0,3.0,44.0,56.0,1.62,0.54,Bet365,1.83,2.3,3.6,3.6,3.5,2.5,9.114583333333334,9.114583333333334,1.6300000000000003,1.6300000000000003,1.4300000000000002,1.39,0.2,0.45,2.8200000000000003,0.0,18.0,0.54,0.54,0.53,0.41,0.01,0.12,0.27,0.0,8.0
4289262,142,11,2025-01-05,1736081700.0,16.916666666666668,6,True,Ended,8347,Shabab Al Ahly,8349,Al Nasr Dubai,2.0,0.0,,,,,1.0,3.0,19.0,5.0,,,20.0,5.0,4.0,2.0,0.0,0.0,,,90.0,76.0,5.0,1.0,3.0,0.0,3.0,0.0,60.0,40.0,,,Bet365,1.42,1.5,4.75,4.5,5.0,4.5,18.89236111111111,21.006944444444443,2.51,1.7200000000000004,1.3700000000000003,1.2100000000000002,0.35,1.0100000000000002,2.5700000000000003,1.0,19.0,0.15,0.15,0.1,0.06,0.05,0.12,0.06,0.0,5.0
4289268,142,11,2025-01-05,1736081700.0,16.916666666666668,6,True,Ended,57374,Al Bataeh,8344,Jazira Abu Dhabi,0.0,3.0,,,,,7.0,3.0,9.0,23.0,,,13.0,9.0,1.0,7.0,0.0,0.0,,,70.0,110.0,3.0,10.0,0.0,5.0,2.0,1.0,40.0,60.0,,,Bet365,4.75,3.5,4.5,4.0,1.48,1.73,22.006944444444443,20.89236111111111,0.24,0.24,0.2,0.2,0.04,0.01,0.75,0.0,9.0,2.8999999999999995,2.8999999999999995,1.03,0.91,1.87,1.72,2.97,0.0,23.0
4289265,142,11,2025-01-05,1736091900.0,19.75,6,True,Ended,8353,Al Ain,8351,Sharjah SC,0.0,0.0,0.46,0.63,0.09,0.17,1.0,5.0,13.0,9.0,0.36,0.68,12.0,16.0,7.0,5.0,0.0,0.0,,,91.0,72.0,5.0,1.0,1.0,2.0,2.0,6.0,51.0,49.0,0.68,0.36,Bet365,2.1,2.3,3.75,3.75,2.6,2.4,21.010416666666668,22.010416666666668,0.7000000000000001,0.7000000000000001,0.61,0.48,0.09,0.7000000000000001,0.0999999999999999,0.0,13.0,0.3399999999999999,0.3399999999999999,0.3399999999999999,0.28,0.0,0.3399999999999999,0.17,0.0,9.0
4289267,142,11,2025-01-05,1736091900.0,19.75,6,True,Ended,8355,Kalba,8652,Ajman Club,3.0,2.0,0.58,0.72,0.91,2.35,5.0,6.0,17.0,17.0,1.56,2.62,15.0,10.0,4.0,10.0,0.0,1.0,,,78.0,109.0,8.0,7.0,5.0,1.0,3.0,3.0,50.0,50.0,2.62,1.56,Bet365,2.05,1.91,3.5,3.75,2.9,3.1,21.125,22.125,2.93,2.1399999999999992,2.1399999999999992,1.08,0.0,0.03,0.96,1.0,17.0,1.6000000000000003,1.6000000000000003,1.5400000000000005,1.3300000000000003,0.06,0.0,2.76,0.0,19.0
4289266,142,11,2025-01-06,1736168100.0,16.916666666666668,0,True,Ended,11134,Khor Fakkan,8345,Baniyas,5.0,2.0,1.66,0.95,2.58,1.35,1.0,4.0,15.0,7.0,0.48,1.8,14.0,14.0,0.0,3.0,0.0,1.0,,,87.0,100.0,9.0,3.0,5.0,1.0,3.0,3.0,49.0,51.0,1.8,0.48,Bet365,2.3,2.1,3.6,3.75,2.5,2.7,22.006944444444443,23.006944444444443,1.86,1.86,1.48,1.38,0.38,0.5700000000000001,2.58,0.0,15.0,0.48,0.48,0.48,0.47,0.0,0.21,1.09,0.0,7.0
4289263,142,11,2025-01-06,1736178300.0,19.75,0,True,Ended,8346,Al Wasl,11565,Al Urooba,6.0,0.0,2.51,0.25,4.44,0.08,1.0,2.0,21.0,4.0,0.97,3.14,12.0,13.0,5.0,0.0,0.0,0.0,,,80.0,35.0,7.0,1.0,5.0,1.0,0.0,2.0,67.0,33.0,3.14,0.97,Bet365,1.2,1.17,6.0,6.5,10.0,10.0,20.010416666666668,23.125,3.23,3.23,2.0900000000000003,1.8600000000000003,1.14,0.58,4.430000000000001,0.0,21.0,0.98,0.19,0.19,0.15,0.0,0.0,0.08,1.0,5.0
4289264,142,11,2025-01-06,1736178300.0,19.75,0,True,Ended,8350,Al-Wahda,10904,Dubba Al Husun,4.0,1.0,1.42,0.51,2.95,0.88,1.0,4.0,19.0,5.0,0.51,2.45,17.0,19.0,6.0,3.0,0.0,0.0,,,99.0,115.0,8.0,2.0,4.0,1.0,1.0,3.0,55.0,45.0,2.45,0.51,Bet365,1.28,1.2,5.25,6.5,7.0,9.0,23.010416666666668,22.125,2.45,1.66,1.54,1.54,0.12,0.24,2.97,1.0,19.0,0.51,0.51,0.51,0.51,0.0,0.0,0.88,0.0,5.0
4295082,142,12,2025-01-10,1736514300.0,17.083333333333332,4,True,Ended,57374,Al Bataeh,11565,Al Urooba,1.0,0.0,2.04,0.28,0.64,0.24,2.0,5.0,17.0,7.0,0.41,2.01,10.0,15.0,6.0,3.0,0.0,0.0,,,101.0,99.0,6.0,2.0,4.0,0.0,0.0,3.0,56.0,44.0,2.01,0.41,Bet365,1.67,1.75,3.8,4.0,4.0,3.4,5.006944444444445,3.888888888888889,2.28,2.28,2.14,2.12,0.14,1.5100000000000002,0.89,0.0,17.0,0.41,0.41,0.37,0.29,0.04,0.28,0.23,0.0,7.0
4295083,142,12,2025-01-10,1736514300.0,17.083333333333332,4,True,Ended,8349,Al Nasr Dubai,8355,Kalba,3.0,2.0,3.35,0.94,2.75,1.31,3.0,7.0,28.0,10.0,1.65,2.87,12.0,15.0,10.0,6.0,0.0,0.0,,,125.0,107.0,10.0,5.0,6.0,4.0,2.0,4.0,64.0,36.0,2.87,1.65,Bet365,1.8,2.15,4.2,4.0,3.1,2.5,5.006944444444445,4.888888888888889,3.62,3.62,3.58,3.3800000000000003,0.04,0.24,3.63,0.0,28.0,1.7200000000000002,1.7200000000000002,1.54,1.54,0.18,0.7799999999999999,1.31,0.0,10.0
4248781,142,7,2025-01-10,1736523900.0,19.75,4,True,Ended,8353,Al Ain,8347,Shabab Al Ahly,0.0,1.0,1.95,0.83,1.31,0.67,3.0,8.0,17.0,10.0,1.01,1.86,13.0,14.0,10.0,3.0,0.0,0.0,,,75.0,100.0,8.0,4.0,3.0,1.0,3.0,5.0,56.0,44.0,1.86,1.01,Bet365,2.1,2.6,4.1,4.0,2.55,2.1,5.0,5.118055555555555,1.9500000000000004,1.16,0.99,0.7699999999999999,0.17,0.11,1.2999999999999998,1.0,17.0,1.0,1.0,1.0,0.8300000000000001,0.0,0.8,0.67,0.0,10.0
4295080,142,12,2025-01-11,1736600700.0,17.083333333333332,5,True,Ended,8351,Sharjah SC,11134,Khor Fakkan,1.0,0.0,1.29,0.27,0.68,0.4,2.0,3.0,11.0,11.0,0.78,0.94,17.0,18.0,5.0,3.0,0.0,0.0,,,86.0,72.0,4.0,2.0,1.0,1.0,3.0,4.0,65.0,35.0,0.94,0.78,Bet365,1.36,1.2,4.2,6.0,7.5,9.0,5.888888888888889,5.006944444444445,1.26,1.26,1.16,1.16,0.1,0.96,1.2999999999999998,0.0,12.0,0.7800000000000001,0.7800000000000001,0.7500000000000001,0.65,0.03,0.7800000000000001,0.3999999999999999,0.0,11.0
4295081,142,12,2025-01-11,1736600700.0,17.083333333333332,5,True,Ended,8345,Baniyas,8346,Al Wasl,0.0,0.0,0.55,0.59,0.81,0.09,2.0,4.0,10.0,10.0,0.41,0.65,8.0,12.0,2.0,9.0,0.0,0.0,,,81.0,122.0,4.0,2.0,1.0,0.0,2.0,3.0,35.0,65.0,0.65,0.41,Bet365,5.0,7.5,4.0,5.5,1.5,1.25,5.006944444444445,4.888888888888889,0.6700000000000002,0.6700000000000002,0.6500000000000001,0.35,0.02,0.6700000000000002,0.8,0.0,10.0,0.4100000000000001,0.4100000000000001,0.26,0.26,0.15,0.4100000000000001,0.09,0.0,11.0
4295079,142,12,2025-01-11,1736610300.0,19.75,5,True,Ended,8344,Jazira Abu Dhabi,8350,Al-Wahda,0.0,0.0,1.28,0.68,0.65,0.51,1.0,3.0,11.0,6.0,0.35,0.57,11.0,18.0,1.0,1.0,0.0,1.0,,,120.0,73.0,3.0,1.0,0.0,0.0,3.0,2.0,57.0,43.0,0.57,0.35,Bet365,2.05,2.25,3.8,4.0,2.75,2.4,6.118055555555555,5.0,0.5700000000000001,0.5700000000000001,0.49,0.39,0.08,0.5700000000000001,0.64,0.0,11.0,0.4,0.4,0.32,0.27,0.08,0.4,0.51,0.0,6.0
4295078,142,12,2025-01-15,1736946300.0,17.083333333333332,2,True,Ended,8652,Ajman Club,8353,Al Ain,4.0,2.0,0.93,1.15,3.37,1.76,3.0,4.0,13.0,14.0,0.97,1.83,13.0,11.0,6.0,2.0,0.0,1.0,,,66.0,122.0,7.0,4.0,2.0,1.0,0.0,2.0,42.0,58.0,1.83,0.97,Bet365,6.0,5.0,4.5,4.5,1.36,1.44,9.88888888888889,4.888888888888889,1.91,1.12,1.09,1.06,0.03,0.11,3.85,1.0,16.0,0.98,0.98,0.8800000000000001,0.7000000000000001,0.1,0.35,1.53,0.0,15.0
4295076,142,13,2025-01-21,1737464700.0,17.083333333333332,1,True,Ended,8347,Shabab Al Ahly,8344,Jazira Abu Dhabi,2.0,1.0,,,,,1.0,2.0,10.0,11.0,,,22.0,20.0,2.0,6.0,1.0,0.0,,,63.0,60.0,4.0,2.0,6.0,3.0,3.0,4.0,44.0,56.0,,,Bet365,1.65,1.67,3.9,3.75,4.0,4.0,10.88888888888889,9.88888888888889,2.15,2.15,2.11,1.41,0.04,2.05,1.61,0.0,10.0,0.98,0.98,0.66,0.42,0.32,0.66,0.42,0.0,11.0
4295077,142,13,2025-01-21,1737464700.0,17.083333333333332,1,True,Ended,11134,Khor Fakkan,8652,Ajman Club,0.0,2.0,,,,,3.0,4.0,26.0,11.0,,,13.0,21.0,7.0,6.0,0.0,0.0,,,108.0,77.0,4.0,5.0,2.0,2.0,4.0,5.0,58.0,42.0,,,Bet365,2.7,2.1,3.2,3.3,2.38,3.0,10.0,6.0,1.6000000000000008,1.6000000000000008,1.2800000000000005,1.06,0.32,0.25,0.84,0.0,27.0,1.16,1.16,1.05,1.0,0.11,0.13,1.5699999999999998,0.0,11.0
4295075,142,13,2025-01-21,1737475200.0,20.0,1,True,Ended,8353,Al Ain,8349,Al Nasr Dubai,4.0,1.0,1.38,0.97,2.13,0.89,1.0,2.0,13.0,10.0,0.83,1.3,10.0,12.0,3.0,7.0,0.0,0.0,,,85.0,119.0,7.0,2.0,3.0,0.0,1.0,3.0,38.0,62.0,1.3,0.83,Bet365,1.8,1.55,3.9,4.33,3.25,4.2,6.121527777777778,11.121527777777779,1.3,1.3,1.21,1.21,0.09,0.14,2.12,0.0,13.0,0.8300000000000001,0.8300000000000001,0.8300000000000001,0.53,0.0,0.0,0.89,0.0,10.0
4295074,142,13,2025-01-22,1737551100.0,17.083333333333332,2,True,Ended,8355,Kalba,8345,Baniyas,0.0,1.0,0.75,0.63,0.96,1.14,2.0,10.0,24.0,6.0,0.99,1.36,8.0,12.0,6.0,1.0,0.0,0.0,,,100.0,96.0,10.0,3.0,2.0,1.0,1.0,2.0,56.0,44.0,1.36,0.99,Bet365,2.1,1.95,3.4,3.6,2.9,3.1,12.0,11.0,1.3600000000000003,1.3600000000000003,1.2900000000000005,1.11,0.07,0.0699999999999999,0.96,0.0,24.0,1.04,0.25,0.25,0.1999999999999999,0.0,0.07,1.02,1.0,6.0
4295073,142,13,2025-01-22,1737561600.0,20.0,2,True,Ended,8346,Al Wasl,8351,Sharjah SC,0.0,1.0,0.39,0.55,0.13,1.47,3.0,1.0,6.0,6.0,0.56,0.33,17.0,21.0,2.0,3.0,1.0,0.0,,,111.0,82.0,1.0,4.0,1.0,1.0,0.0,2.0,48.0,52.0,0.33,0.56,Bet365,2.75,2.5,3.1,3.4,2.38,2.4,11.121527777777779,11.121527777777779,0.32,0.32,0.28,0.28,0.04,0.0,0.13,0.0,6.0,0.5900000000000001,0.5900000000000001,0.56,0.43,0.03,0.26,1.48,0.0,6.0
4295072,142,13,2025-01-23,1737637500.0,17.083333333333332,3,True,Ended,11565,Al Urooba,10904,Dubba Al Husun,1.0,2.0,0.57,0.64,2.3,1.58,7.0,4.0,19.0,12.0,0.69,1.86,12.0,11.0,4.0,10.0,0.0,0.0,,,102.0,78.0,5.0,10.0,2.0,1.0,3.0,2.0,55.0,45.0,1.86,0.69,Bet365,3.4,2.5,3.6,3.75,1.85,2.25,13.0,16.88888888888889,1.93,1.14,0.78,0.6000000000000001,0.36,0.37,2.31,1.0,19.0,0.69,0.69,0.45,0.41,0.24,0.4499999999999999,1.5700000000000005,0.0,12.0
4295071,142,13,2025-01-23,1737648000.0,20.0,3,True,Ended,8350,Al-Wahda,57374,Al Bataeh,0.0,2.0,1.51,0.35,2.18,1.22,1.0,8.0,20.0,12.0,1.56,1.83,10.0,14.0,11.0,4.0,0.0,0.0,,,118.0,70.0,9.0,3.0,2.0,2.0,3.0,2.0,66.0,34.0,1.83,1.56,Bet365,1.4,1.3,4.33,5.0,6.25,7.0,12.010416666666666,13.121527777777779,1.8100000000000005,1.8100000000000005,1.65,0.99,0.16,1.2300000000000002,2.18,0.0,20.0,1.56,1.56,1.4700000000000002,1.38,0.09,0.52,1.23,0.0,12.0
4295069,142,14,2025-01-30,1738242900.0,17.25,3,True,Ended,57374,Al Bataeh,8347,Shabab Al Ahly,1.0,3.0,1.15,0.6,0.96,2.73,3.0,2.0,11.0,12.0,2.45,1.19,20.0,20.0,9.0,5.0,0.0,0.0,,,78.0,66.0,3.0,6.0,1.0,3.0,5.0,1.0,46.0,54.0,1.19,2.45,Bet365,6.25,11.0,5.25,7.5,1.36,1.12,6.885416666666667,9.006944444444445,1.1900000000000002,1.1900000000000002,1.15,1.11,0.04,0.16,0.96,0.0,11.0,2.46,1.6700000000000002,1.4200000000000002,1.39,0.25,0.81,2.73,1.0,12.0
4295070,142,14,2025-01-30,1738242900.0,17.25,3,True,Ended,11134,Khor Fakkan,8353,Al Ain,2.0,2.0,0.08,2.26,1.09,1.95,5.0,0.0,5.0,22.0,2.18,0.72,9.0,7.0,4.0,6.0,0.0,0.0,,,72.0,153.0,2.0,7.0,1.0,2.0,1.0,3.0,28.0,72.0,0.72,2.18,Bet365,5.0,4.2,4.75,4.2,1.42,1.57,9.006944444444445,8.885416666666666,0.71,0.71,0.69,0.1,0.02,0.25,1.09,0.0,5.0,2.18,2.18,2.18,1.4000000000000004,0.0,0.5900000000000001,1.95,0.0,22.0
4295067,142,14,2025-01-30,1738252800.0,20.0,3,True,Ended,8346,Al Wasl,8355,Kalba,1.0,1.0,2.66,0.54,2.91,0.77,2.0,8.0,35.0,7.0,1.05,2.78,10.0,10.0,9.0,6.0,0.0,1.0,,,116.0,65.0,10.0,3.0,1.0,1.0,2.0,3.0,76.0,24.0,2.78,1.05,Bet365,1.53,2.0,4.2,3.75,4.33,2.88,8.0,8.121527777777779,2.770000000000001,2.770000000000001,2.680000000000001,2.1100000000000003,0.09,1.4100000000000006,2.91,0.0,35.0,1.07,0.2799999999999999,0.23,0.23,0.05,0.24,0.77,1.0,7.0
4295066,142,14,2025-01-31,1738329300.0,17.25,4,True,Ended,8652,Ajman Club,8350,Al-Wahda,4.0,3.0,0.7,1.37,3.57,1.74,5.0,3.0,13.0,19.0,1.82,3.36,16.0,7.0,7.0,8.0,0.0,0.0,,,54.0,118.0,6.0,8.0,5.0,2.0,1.0,2.0,34.0,66.0,3.36,1.82,Bet365,3.25,2.6,4.0,4.0,1.8,2.1,10.006944444444445,7.885416666666667,3.38,1.8000000000000005,0.79,0.67,1.01,1.02,3.5700000000000003,2.0,13.0,1.8700000000000003,1.08,0.92,0.6900000000000001,0.16,0.15,1.82,1.0,20.0
4295068,142,14,2025-01-31,1738329300.0,17.25,4,True,Ended,8351,Sharjah SC,10904,Dubba Al Husun,1.0,0.0,1.2,0.3,1.12,0.02,1.0,4.0,15.0,3.0,0.08,1.09,20.0,15.0,6.0,0.0,0.0,0.0,,,115.0,75.0,5.0,1.0,1.0,0.0,3.0,2.0,59.0,41.0,1.09,0.08,Bet365,1.2,1.12,5.5,7.5,11.0,11.0,8.885416666666666,8.006944444444445,1.0800000000000003,1.0800000000000003,1.01,0.99,0.0699999999999999,0.09,1.13,0.0,15.0,0.1699999999999999,0.1699999999999999,0.1399999999999999,0.1399999999999999,0.03,0.0,0.02,0.0,3.0
4295064,142,14,2025-01-31,1738339200.0,20.0,4,True,Ended,8344,Jazira Abu Dhabi,8345,Baniyas,0.0,1.0,1.35,0.52,0.47,1.12,1.0,3.0,18.0,6.0,1.18,0.91,15.0,13.0,8.0,2.0,0.0,0.0,,,124.0,70.0,3.0,2.0,1.0,1.0,2.0,1.0,65.0,35.0,0.91,1.18,Bet365,1.45,1.44,4.1,4.5,5.5,5.0,10.121527777777779,9.121527777777779,0.92,0.92,0.8400000000000001,0.6000000000000001,0.08,0.0,0.47,0.0,18.0,1.1700000000000002,1.1700000000000002,1.07,1.07,0.1,0.85,1.12,0.0,6.0
4295065,142,14,2025-01-31,1738339200.0,20.0,4,True,Ended,8349,Al Nasr Dubai,11565,Al Urooba,2.0,1.0,1.24,0.54,0.9,0.2,2.0,3.0,18.0,7.0,0.46,1.05,9.0,14.0,11.0,2.0,0.0,0.0,,,148.0,93.0,5.0,2.0,1.0,1.0,1.0,2.0,60.0,40.0,1.05,0.46,Bet365,1.18,1.22,6.25,5.5,11.0,9.0,10.0,8.121527777777779,1.05,1.05,0.93,0.78,0.12,0.3999999999999999,0.91,0.0,19.0,0.6300000000000001,0.6300000000000001,0.6000000000000001,0.3999999999999999,0.03,0.2,0.25,0.0,9.0
4295063,142,12,2025-02-04,1738674900.0,17.25,1,True,Ended,10904,Dubba Al Husun,8347,Shabab Al Ahly,0.0,3.0,0.15,1.8,0.38,3.25,4.0,1.0,4.0,22.0,3.31,0.39,8.0,18.0,2.0,4.0,0.0,0.0,,,56.0,142.0,1.0,7.0,1.0,3.0,1.0,1.0,38.0,62.0,0.39,3.31,Bet365,9.0,9.0,5.75,6.0,1.22,1.2,4.0,5.0,0.39,0.39,0.39,0.23,0.0,0.39,0.38,0.0,4.0,3.34,3.34,3.24,2.54,0.1,0.49,3.24,0.0,22.0
4295061,142,15,2025-02-06,1738857600.0,20.0,3,True,Ended,8355,Kalba,8351,Sharjah SC,2.0,1.0,0.17,1.45,1.21,1.54,6.0,0.0,5.0,15.0,1.94,0.52,19.0,8.0,5.0,6.0,0.0,0.0,,,66.0,111.0,2.0,6.0,0.0,3.0,2.0,1.0,34.0,66.0,0.52,1.94,Bet365,4.75,5.0,4.0,4.33,1.53,1.45,7.0,6.114583333333333,0.52,0.52,0.38,0.38,0.14,0.41,0.81,0.0,5.0,2.0,2.0,1.1,0.85,0.9,2.0,1.53,0.0,15.0
4295062,142,15,2025-02-07,1738944000.0,20.0,4,True,Ended,11565,Al Urooba,8344,Jazira Abu Dhabi,4.0,5.0,1.1,1.04,1.57,3.02,2.0,2.0,11.0,15.0,1.1,0.94,13.0,10.0,1.0,6.0,0.0,0.0,,,63.0,126.0,5.0,7.0,1.0,1.0,4.0,2.0,35.0,65.0,0.94,1.1,Bet365,7.0,9.0,4.33,5.0,1.36,1.25,7.0,7.0,0.95,0.95,0.95,0.84,0.0,0.13,1.57,0.0,11.0,1.11,1.11,1.04,0.83,0.07,0.6900000000000001,3.03,0.0,16.0
4295058,142,15,2025-02-08,1739020800.0,17.333333333333332,5,True,Ended,8353,Al Ain,57374,Al Bataeh,2.0,1.0,0.56,0.88,0.84,1.76,5.0,2.0,10.0,14.0,1.38,0.57,6.0,11.0,5.0,10.0,0.0,0.0,,,107.0,80.0,4.0,6.0,0.0,1.0,1.0,1.0,60.0,40.0,0.57,1.38,Bet365,1.27,1.25,5.25,5.5,7.0,7.5,9.003472222222221,9.003472222222221,0.56,0.56,0.53,0.46,0.03,0.54,0.8300000000000001,0.0,10.0,1.3700000000000003,1.3700000000000003,1.3300000000000003,1.3300000000000003,0.04,1.2100000000000002,1.7700000000000005,0.0,14.0
4295057,142,15,2025-02-08,1739030400.0,20.0,5,True,Ended,8347,Shabab Al Ahly,8652,Ajman Club,3.0,1.0,1.73,0.13,2.38,0.24,1.0,4.0,16.0,5.0,0.29,2.6,15.0,17.0,1.0,4.0,0.0,0.0,,,148.0,58.0,7.0,2.0,3.0,1.0,1.0,2.0,64.0,36.0,2.6,0.29,Bet365,1.33,1.33,4.75,4.8,8.0,6.5,4.114583333333333,8.114583333333334,2.62,1.8300000000000003,1.7500000000000002,1.4600000000000002,0.08,0.5700000000000001,2.3800000000000003,1.0,16.0,0.2799999999999999,0.2799999999999999,0.2799999999999999,0.2799999999999999,0.0,0.0,0.24,0.0,5.0
4295059,142,15,2025-02-08,1739030400.0,20.0,5,True,Ended,8350,Al-Wahda,11134,Khor Fakkan,3.0,1.0,1.68,0.79,2.39,1.36,1.0,6.0,24.0,9.0,0.88,1.76,12.0,16.0,8.0,2.0,0.0,1.0,,,71.0,46.0,9.0,2.0,1.0,0.0,0.0,4.0,76.0,24.0,1.76,0.88,Bet365,1.36,1.5,4.2,3.75,7.0,5.5,8.114583333333334,9.114583333333334,1.7700000000000002,1.7700000000000002,1.63,1.1900000000000002,0.14,0.7700000000000001,2.43,0.0,25.0,0.91,0.91,0.5700000000000001,0.48,0.3399999999999999,0.29,1.36,0.0,9.0
4295060,142,15,2025-02-09,1739107200.0,17.333333333333332,6,True,Ended,10904,Dubba Al Husun,8346,Al Wasl,2.0,3.0,,,,,3.0,1.0,13.0,20.0,,,9.0,12.0,4.0,5.0,0.0,0.0,,,84.0,102.0,3.0,6.0,1.0,4.0,3.0,2.0,39.0,61.0,,,Bet365,7.0,5.5,5.0,4.5,1.3,1.4,5.003472222222222,9.88888888888889,1.29,1.29,1.06,0.4599999999999999,0.23,0.94,1.11,0.0,13.0,2.16,2.16,2.14,1.9100000000000004,0.02,1.03,2.71,0.0,20.0
4295056,142,15,2025-02-09,1739116800.0,20.0,6,True,Ended,8345,Baniyas,8349,Al Nasr Dubai,0.0,0.0,0.58,1.08,0.0,0.13,1.0,0.0,12.0,9.0,0.48,0.58,11.0,10.0,3.0,8.0,0.0,0.0,,,65.0,62.0,0.0,1.0,0.0,1.0,1.0,4.0,44.0,56.0,0.58,0.48,Bet365,3.8,4.5,3.2,3.6,1.85,1.62,9.0,9.0,0.5900000000000001,0.5900000000000001,0.49,0.35,0.1,0.5900000000000001,0.0,0.0,12.0,0.5000000000000001,0.5000000000000001,0.4600000000000001,0.3600000000000001,0.04,0.5000000000000001,0.13,0.0,9.0
4352237,142,16,2025-02-13,1739453100.0,17.416666666666668,3,True,Ended,11134,Khor Fakkan,11565,Al Urooba,3.0,0.0,0.83,1.29,1.96,0.32,3.0,1.0,12.0,15.0,0.83,1.27,18.0,10.0,2.0,6.0,0.0,0.0,,,78.0,110.0,4.0,3.0,4.0,1.0,2.0,1.0,38.0,62.0,1.27,0.83,Bet365,1.73,1.53,3.5,3.75,3.9,5.0,4.892361111111111,5.892361111111111,1.27,1.27,1.21,0.96,0.06,0.29,1.97,0.0,12.0,0.8400000000000002,0.8400000000000002,0.8200000000000002,0.8200000000000002,0.02,0.0,0.32,0.0,16.0
4352238,142,16,2025-02-13,1739462400.0,20.0,3,True,Ended,8353,Al Ain,8355,Kalba,3.0,1.0,1.06,0.34,1.91,0.19,1.0,6.0,21.0,6.0,0.31,1.05,16.0,7.0,6.0,3.0,0.0,0.0,,,77.0,94.0,9.0,2.0,2.0,0.0,1.0,3.0,59.0,41.0,1.05,0.31,Bet365,1.38,1.55,4.5,3.75,6.0,5.0,5.111111111111111,7.0,1.0500000000000005,1.0500000000000005,0.8200000000000001,0.6100000000000001,0.23,0.25,1.91,0.0,21.0,0.31,0.31,0.16,0.16,0.15,0.08,0.19,0.0,6.0
4352236,142,16,2025-02-14,1739539500.0,17.416666666666668,4,True,Ended,8652,Ajman Club,8345,Baniyas,2.0,3.0,0.38,1.75,1.49,3.19,4.0,4.0,9.0,15.0,1.66,0.55,8.0,18.0,8.0,5.0,1.0,0.0,,,66.0,109.0,6.0,8.0,0.0,3.0,3.0,3.0,40.0,60.0,0.55,1.66,Bet365,2.25,2.0,3.4,3.6,2.7,3.0,5.892361111111111,4.892361111111111,0.5599999999999999,0.5599999999999999,0.3399999999999999,0.3399999999999999,0.22,0.03,1.4899999999999998,0.0,9.0,1.6700000000000002,1.6700000000000002,1.65,1.13,0.02,0.52,3.2,0.0,15.0
4352239,142,16,2025-02-14,1739539500.0,17.416666666666668,4,True,Ended,57374,Al Bataeh,10904,Dubba Al Husun,2.0,2.0,1.24,0.5,1.69,2.44,4.0,6.0,15.0,13.0,1.88,1.46,21.0,9.0,3.0,5.0,0.0,0.0,,,78.0,93.0,8.0,6.0,2.0,3.0,1.0,1.0,49.0,51.0,1.46,1.88,Bet365,1.95,1.73,3.5,3.75,3.25,3.8,6.003472222222222,5.003472222222222,1.49,1.49,1.49,1.15,0.0,0.53,1.6900000000000004,0.0,15.0,2.3600000000000003,2.3600000000000003,0.82,0.82,1.54,0.51,2.43,0.0,13.0
4352235,142,16,2025-02-14,1739548800.0,20.0,4,True,Ended,8349,Al Nasr Dubai,8346,Al Wasl,0.0,1.0,,,,,4.0,4.0,15.0,14.0,,,14.0,19.0,10.0,3.0,0.0,0.0,,,83.0,70.0,4.0,5.0,1.0,1.0,4.0,2.0,60.0,40.0,,,Bet365,2.9,1.85,3.5,3.6,2.0,3.3,5.0,5.111111111111111,1.2700000000000002,1.2700000000000002,1.1700000000000002,1.1700000000000002,0.1,0.5800000000000001,0.6,0.0,15.0,1.4000000000000004,1.4000000000000004,1.3200000000000005,0.53,0.08,0.9900000000000002,0.96,0.0,14.0
4352240,142,17,2025-02-22,1740231000.0,17.5,5,True,Ended,10904,Dubba Al Husun,8652,Ajman Club,0.0,1.0,0.32,0.4,0.02,0.23,1.0,1.0,6.0,9.0,1.31,0.24,17.0,18.0,1.0,2.0,0.0,0.0,,,115.0,65.0,1.0,2.0,0.0,1.0,2.0,2.0,60.0,40.0,0.24,1.31,Bet365,2.62,5.0,3.9,5.0,2.1,1.4,8.003472222222221,8.003472222222221,0.2499999999999999,0.2499999999999999,0.2499999999999999,0.2499999999999999,0.0,0.03,0.02,0.0,6.0,1.32,1.32,1.28,0.6,0.04,0.18,0.24,0.0,9.0
4352241,142,17,2025-02-22,1740231000.0,17.5,5,True,Ended,8355,Kalba,11134,Khor Fakkan,0.0,1.0,0.42,1.04,0.23,1.49,7.0,2.0,10.0,18.0,0.82,0.43,6.0,15.0,2.0,9.0,0.0,0.0,,,83.0,67.0,2.0,8.0,0.0,1.0,1.0,2.0,56.0,44.0,0.43,0.82,Bet365,1.95,1.67,3.7,4.0,3.1,3.75,8.895833333333334,9.003472222222221,0.44,0.44,0.36,0.35,0.08,0.14,0.23,0.0,10.0,0.8100000000000002,0.8100000000000002,0.7100000000000002,0.5700000000000001,0.1,0.67,1.5,0.0,19.0
4352242,142,17,2025-02-22,1740240900.0,20.25,5,True,Ended,8346,Al Wasl,8353,Al Ain,1.0,0.0,,,,,2.0,2.0,15.0,14.0,,,12.0,13.0,6.0,3.0,0.0,0.0,,,76.0,96.0,3.0,2.0,1.0,0.0,4.0,1.0,45.0,55.0,,,Bet365,2.25,2.6,4.0,4.0,2.4,2.1,8.010416666666666,9.010416666666666,1.39,1.39,1.32,1.28,0.07,1.0399999999999998,1.0499999999999998,0.0,15.0,0.5900000000000001,0.5900000000000001,0.55,0.55,0.04,0.12,0.19,0.0,14.0
4352689,142,17,2025-02-23,1740317400.0,17.5,6,True,Ended,8347,Shabab Al Ahly,11565,Al Urooba,2.0,0.0,1.78,0.15,2.01,0.01,1.0,1.0,14.0,2.0,0.11,1.76,12.0,14.0,8.0,1.0,0.0,0.0,,,108.0,68.0,3.0,1.0,2.0,0.0,1.0,0.0,68.0,32.0,1.76,0.11,Bet365,1.06,1.03,10.0,13.0,34.0,23.0,14.895833333333334,10.003472222222221,2.5,0.92,0.87,0.87,0.05,0.6399999999999999,3.0,2.0,15.0,0.11,0.11,0.11,0.1,0.0,0.11,0.01,0.0,2.0
4352690,142,17,2025-02-23,1740317400.0,17.5,6,True,Ended,8351,Sharjah SC,57374,Al Bataeh,0.0,1.0,1.19,0.55,0.52,0.68,0.0,4.0,19.0,1.0,0.49,1.57,10.0,13.0,6.0,3.0,0.0,0.0,,,120.0,70.0,4.0,1.0,0.0,1.0,2.0,3.0,71.0,29.0,1.57,0.49,Bet365,1.33,1.17,4.75,7.0,7.0,9.0,16.895833333333332,9.003472222222221,1.58,1.58,1.52,1.09,0.06,0.3,0.52,0.0,19.0,0.49,0.49,0.49,0.49,0.0,0.49,0.68,0.0,1.0
4352687,142,17,2025-02-23,1740327300.0,20.25,6,True,Ended,8345,Baniyas,8350,Al-Wahda,0.0,3.0,,,,,2.0,1.0,13.0,14.0,,,13.0,10.0,8.0,4.0,0.0,0.0,,,85.0,85.0,2.0,5.0,1.0,4.0,0.0,1.0,51.0,49.0,,,Bet365,3.4,3.0,3.7,4.0,1.85,1.91,9.118055555555555,15.010416666666666,0.6900000000000001,0.6900000000000001,0.61,0.59,0.08,0.13,0.4,0.0,13.0,1.02,1.02,0.8,0.67,0.22,0.35,1.9,0.0,14.0
4352688,142,17,2025-02-23,1740327300.0,20.25,6,True,Ended,8349,Al Nasr Dubai,8344,Jazira Abu Dhabi,2.0,3.0,,,,,2.0,2.0,15.0,12.0,,,14.0,13.0,10.0,2.0,0.0,0.0,,,119.0,57.0,4.0,5.0,1.0,2.0,1.0,2.0,64.0,36.0,,,Bet365,2.6,2.15,4.0,4.0,2.1,2.5,9.010416666666666,16.010416666666668,2.1500000000000004,1.36,0.67,0.67,0.69,0.3,1.41,1.0,15.0,0.97,0.97,0.94,0.91,0.03,0.27,1.96,0.0,12.0
4352685,142,18,2025-02-26,1740586500.0,20.25,2,True,Ended,11134,Khor Fakkan,8346,Al Wasl,2.0,1.0,1.37,2.35,1.59,3.71,8.0,5.0,12.0,23.0,2.83,1.31,8.0,11.0,4.0,9.0,0.0,0.0,,,77.0,120.0,6.0,9.0,2.0,2.0,2.0,0.0,40.0,60.0,1.31,2.83,Bet365,4.0,2.5,4.0,3.75,1.65,2.25,4.114583333333333,4.0,1.3200000000000005,1.3200000000000005,1.2000000000000002,1.1700000000000002,0.12,1.0300000000000002,1.6,0.0,12.0,2.91,2.91,1.97,1.7400000000000002,0.94,2.24,3.73,0.0,23.0
4352686,142,18,2025-02-27,1740663300.0,17.583333333333332,3,True,Ended,57374,Al Bataeh,8355,Kalba,0.0,0.0,0.48,0.53,0.71,0.07,2.0,7.0,16.0,9.0,0.45,0.74,9.0,12.0,3.0,5.0,0.0,0.0,,,105.0,66.0,7.0,2.0,0.0,0.0,0.0,1.0,57.0,43.0,0.74,0.45,Bet365,2.35,2.4,3.7,4.0,2.45,2.25,4.003472222222222,5.003472222222222,0.76,0.76,0.31,0.31,0.45,0.76,0.7100000000000001,0.0,16.0,0.4599999999999999,0.4599999999999999,0.39,0.39,0.07,0.4599999999999999,0.07,0.0,9.0
4352682,142,18,2025-02-27,1740672900.0,20.25,3,True,Ended,8652,Ajman Club,8349,Al Nasr Dubai,2.0,1.0,0.91,2.14,1.31,0.98,2.0,3.0,10.0,15.0,2.32,1.76,12.0,11.0,0.0,5.0,0.0,0.0,,,84.0,140.0,5.0,3.0,1.0,3.0,3.0,2.0,34.0,66.0,1.76,2.32,Bet365,2.75,2.15,4.0,4.0,2.0,2.5,5.114583333333333,4.0,1.8600000000000003,1.07,1.02,0.95,0.05,0.05,1.31,1.0,11.0,2.36,2.36,2.36,2.14,0.0,0.02,0.98,0.0,15.0
4352683,142,18,2025-02-27,1740672900.0,20.25,3,True,Ended,8350,Al-Wahda,8353,Al Ain,2.0,1.0,1.44,0.41,2.32,0.49,1.0,5.0,24.0,4.0,0.37,2.09,9.0,16.0,6.0,4.0,0.0,1.0,,,126.0,74.0,7.0,2.0,1.0,1.0,2.0,3.0,60.0,40.0,2.09,0.37,Bet365,2.55,2.15,4.0,4.0,2.25,2.5,4.0,5.0,2.08,2.08,1.7800000000000002,1.32,0.3,1.0400000000000005,2.32,0.0,24.0,0.47,0.47,0.47,0.45,0.0,0.47,0.64,0.0,4.0
4352681,142,18,2025-02-28,1740749700.0,17.583333333333332,4,True,Ended,8344,Jazira Abu Dhabi,10904,Dubba Al Husun,1.0,0.0,,,,,2.0,5.0,19.0,7.0,,,11.0,15.0,10.0,6.0,0.0,0.0,,,113.0,75.0,6.0,2.0,2.0,2.0,0.0,2.0,65.0,35.0,,,Bet365,1.29,1.28,4.75,4.5,9.0,9.0,4.888888888888889,6.003472222222222,2.89,1.3100000000000005,1.2200000000000004,1.05,0.09,1.2600000000000005,1.92,2.0,20.0,0.5,0.5,0.5,0.49,0.0,0.5,0.25,0.0,7.0
4352684,142,18,2025-02-28,1740749700.0,17.583333333333332,4,True,Ended,11565,Al Urooba,8351,Sharjah SC,0.0,1.0,,,,,2.0,1.0,2.0,16.0,,,10.0,8.0,1.0,6.0,1.0,0.0,,,43.0,162.0,1.0,3.0,0.0,2.0,0.0,1.0,22.0,78.0,,,Bet365,9.0,10.0,4.75,8.0,1.29,1.12,5.003472222222222,5.003472222222222,0.03,0.03,0.01,0.01,0.02,0.03,0.01,0.0,2.0,0.93,0.93,0.93,0.7900000000000001,0.0,0.7499999999999999,0.8400000000000001,0.0,16.0
4352680,142,18,2025-02-28,1740759300.0,20.25,4,True,Ended,8347,Shabab Al Ahly,8345,Baniyas,2.0,0.0,2.43,0.49,2.5,0.3,5.0,7.0,28.0,7.0,0.29,3.09,16.0,13.0,10.0,5.0,0.0,0.0,,,118.0,56.0,9.0,5.0,5.0,0.0,1.0,3.0,58.0,42.0,3.09,0.29,Bet365,1.22,1.3,5.25,4.75,9.0,7.5,5.114583333333333,5.0,3.139999999999999,2.35,1.66,1.5900000000000003,0.6900000000000002,0.8499999999999999,2.51,1.0,30.0,0.28,0.28,0.28,0.11,0.0,0.1,0.3,0.0,7.0
4352677,142,19,2025-03-27,1743098400.0,22.0,3,True,Ended,8349,Al Nasr Dubai,57374,Al Bataeh,0.0,1.0,1.0,0.57,1.14,0.26,3.0,2.0,13.0,15.0,1.61,1.84,10.0,17.0,7.0,2.0,0.0,0.0,,,120.0,90.0,2.0,4.0,2.0,2.0,2.0,3.0,65.0,35.0,1.84,1.61,Bet365,1.62,1.4,4.1,4.5,3.9,5.5,28.072916666666668,28.18402777777778,1.8500000000000003,1.06,1.0,0.8900000000000001,0.06,0.14,1.13,1.0,13.0,1.6100000000000003,0.8200000000000003,0.8200000000000003,0.6300000000000001,0.0,0.45,0.25,1.0,15.0
4352678,142,19,2025-03-27,1743098400.0,22.0,3,True,Ended,8345,Baniyas,11565,Al Urooba,2.0,1.0,2.0,0.65,2.37,1.36,1.0,3.0,23.0,10.0,1.13,2.45,12.0,9.0,3.0,3.0,0.0,0.0,,,103.0,75.0,4.0,2.0,2.0,0.0,1.0,4.0,52.0,48.0,2.45,1.13,Bet365,1.62,1.62,3.8,4.0,4.2,4.0,27.072916666666668,27.18402777777778,2.45,2.45,2.4000000000000004,2.02,0.05,2.17,2.37,0.0,23.0,1.14,1.14,0.98,0.98,0.16,0.58,1.36,0.0,10.0
4352673,142,19,2025-03-28,1743184800.0,22.0,4,True,Ended,8351,Sharjah SC,8347,Shabab Al Ahly,0.0,0.0,0.62,0.42,0.16,1.24,4.0,3.0,11.0,12.0,1.32,0.48,23.0,11.0,4.0,2.0,0.0,0.0,,,88.0,100.0,3.0,4.0,0.0,1.0,3.0,2.0,53.0,47.0,0.48,1.32,Bet365,2.9,2.8,3.4,3.3,2.1,2.2,28.18402777777778,28.072916666666668,0.49,0.49,0.3299999999999999,0.29,0.16,0.49,0.15,0.0,11.0,1.3300000000000003,0.5399999999999999,0.4899999999999999,0.44,0.05,0.5399999999999999,1.24,1.0,12.0
4352675,142,19,2025-03-28,1743184800.0,22.0,4,True,Ended,8346,Al Wasl,8652,Ajman Club,2.0,0.0,1.2,1.25,1.04,0.04,1.0,2.0,15.0,12.0,1.25,2.25,14.0,10.0,1.0,7.0,0.0,0.0,,,115.0,96.0,5.0,1.0,2.0,2.0,2.0,1.0,59.0,41.0,2.25,1.25,Bet365,1.45,1.45,4.0,4.0,5.75,5.75,30.072916666666668,29.072916666666668,2.3,1.5099999999999998,1.5099999999999998,1.34,0.0,0.3399999999999999,1.04,1.0,15.0,1.2300000000000002,1.2300000000000002,1.15,1.15,0.08,0.01,0.04,0.0,12.0
4352679,142,19,2025-03-28,1743184800.0,22.0,4,True,Ended,11134,Khor Fakkan,8344,Jazira Abu Dhabi,1.0,0.0,0.47,0.88,1.2,0.14,1.0,3.0,9.0,15.0,1.37,0.68,15.0,14.0,6.0,8.0,0.0,0.0,,,83.0,104.0,4.0,1.0,1.0,0.0,2.0,1.0,30.0,70.0,0.68,1.37,Bet365,3.6,2.88,3.9,3.8,1.73,2.0,30.072916666666668,28.18402777777778,0.68,0.68,0.48,0.48,0.2,0.51,1.2000000000000002,0.0,9.0,1.4600000000000004,1.4600000000000004,1.3600000000000003,1.25,0.1,0.75,0.14,0.0,16.0
4352674,142,19,2025-03-29,1743271200.0,22.0,5,True,Ended,10904,Dubba Al Husun,8353,Al Ain,3.0,2.0,0.34,1.85,1.8,2.83,7.0,2.0,9.0,29.0,2.91,1.53,13.0,11.0,1.0,11.0,0.0,1.0,,,57.0,120.0,5.0,9.0,3.0,4.0,5.0,1.0,29.0,71.0,1.53,2.91,Bet365,7.0,7.5,4.5,4.33,1.33,1.33,29.18402777777778,30.072916666666668,1.53,1.53,1.36,1.34,0.17,0.95,1.79,0.0,9.0,2.9500000000000006,2.9500000000000006,2.9200000000000004,2.44,0.03,1.62,2.83,0.0,29.0
4352676,142,19,2025-03-29,1743271200.0,22.0,5,True,Ended,8355,Kalba,8350,Al-Wahda,0.0,1.0,0.66,1.81,0.09,1.64,6.0,5.0,11.0,15.0,1.57,0.59,12.0,12.0,7.0,3.0,1.0,0.0,,,82.0,118.0,5.0,7.0,0.0,1.0,1.0,1.0,39.0,61.0,0.59,1.57,Bet365,4.5,4.33,3.75,3.6,1.6,1.65,30.18402777777778,30.072916666666668,0.61,0.61,0.2699999999999999,0.2699999999999999,0.34,0.07,0.09,0.0,11.0,1.63,1.63,1.59,1.1700000000000002,0.04,1.14,1.6400000000000003,0.0,15.0
4352669,142,20,2025-04-04,1743774600.0,17.833333333333332,4,True,Ended,10904,Dubba Al Husun,11134,Khor Fakkan,0.0,1.0,0.59,0.18,0.22,1.2,2.0,2.0,12.0,8.0,1.14,0.5,11.0,9.0,4.0,1.0,0.0,0.0,,,115.0,97.0,2.0,3.0,0.0,1.0,0.0,1.0,51.0,49.0,0.5,1.14,Bet365,2.88,3.4,3.6,3.6,2.05,1.83,5.826388888888889,6.826388888888889,0.96,0.96,0.53,0.5000000000000001,0.43,0.26,0.22,0.0,13.0,1.14,0.35,0.35,0.3,0.0,0.27,1.19,1.0,8.0
4352670,142,20,2025-04-04,1743784200.0,20.5,4,True,Ended,8350,Al-Wahda,8349,Al Nasr Dubai,2.0,2.0,0.77,0.43,0.83,0.86,2.0,0.0,7.0,7.0,0.23,0.72,10.0,9.0,5.0,1.0,0.0,0.0,,,70.0,71.0,2.0,4.0,2.0,1.0,3.0,0.0,53.0,47.0,0.72,0.23,Bet365,1.75,1.65,3.6,3.75,3.75,4.2,5.9375,7.9375,0.73,0.73,0.73,0.73,0.0,0.73,0.8300000000000001,0.0,7.0,0.25,0.25,0.2,0.19,0.05,0.0699999999999999,0.86,0.0,7.0
4352667,142,20,2025-04-05,1743861000.0,17.833333333333332,5,True,Ended,11565,Al Urooba,8355,Kalba,2.0,1.0,0.39,1.35,0.46,1.35,7.0,2.0,9.0,21.0,1.22,0.63,11.0,12.0,3.0,10.0,0.0,0.0,,,72.0,120.0,4.0,8.0,1.0,0.0,2.0,0.0,40.0,60.0,0.63,1.22,Bet365,3.9,4.75,3.6,4.0,1.73,1.53,8.82638888888889,6.826388888888889,0.6400000000000001,0.6400000000000001,0.6200000000000001,0.5399999999999999,0.02,0.5399999999999999,0.46,0.0,9.0,1.3300000000000003,1.3300000000000003,1.12,1.04,0.21,1.0300000000000002,1.4500000000000004,0.0,22.0
4352666,142,20,2025-04-05,1743870600.0,20.5,5,True,Ended,57374,Al Bataeh,8652,Ajman Club,1.0,1.0,0.21,1.73,0.14,1.09,3.0,4.0,12.0,13.0,1.12,0.49,16.0,12.0,3.0,6.0,0.0,0.0,,,86.0,81.0,5.0,4.0,1.0,1.0,1.0,2.0,43.0,57.0,0.49,1.12,Bet365,2.6,2.3,3.3,3.3,2.35,2.62,8.9375,7.9375,0.49,0.49,0.4599999999999999,0.35,0.03,0.22,0.15,0.0,12.0,1.12,1.12,1.0700000000000005,0.99,0.05,1.02,1.09,0.0,13.0
4352665,142,20,2025-04-07,1744033800.0,17.833333333333332,0,True,Ended,8344,Jazira Abu Dhabi,8346,Al Wasl,0.0,5.0,0.75,0.49,0.8,2.46,5.0,2.0,8.0,22.0,2.01,0.52,11.0,14.0,1.0,4.0,0.0,0.0,,,93.0,66.0,2.0,10.0,0.0,3.0,4.0,2.0,50.0,50.0,0.52,2.01,Bet365,2.25,2.1,3.6,3.5,2.55,2.8,9.82638888888889,9.82638888888889,0.52,0.52,0.43,0.38,0.09,0.0,0.81,0.0,8.0,2.03,2.03,1.5000000000000004,1.2300000000000002,0.53,0.38,2.4599999999999995,0.0,22.0
4352671,142,20,2025-04-07,1744043400.0,20.5,0,True,Ended,8347,Shabab Al Ahly,8353,Al Ain,0.0,0.0,1.43,0.85,0.22,0.43,4.0,2.0,8.0,15.0,0.89,0.72,9.0,11.0,5.0,8.0,0.0,0.0,,,54.0,80.0,2.0,4.0,0.0,0.0,3.0,1.0,41.0,59.0,0.72,0.89,Bet365,1.8,1.57,3.9,4.0,3.3,4.33,9.9375,8.9375,0.5700000000000001,0.5700000000000001,0.44,0.44,0.13,0.5700000000000001,0.19,0.0,8.0,0.8900000000000001,0.8900000000000001,0.73,0.54,0.16,0.8900000000000001,0.41,0.0,15.0
4398455,142,21,2025-04-11,1744379700.0,17.916666666666668,4,True,Ended,8345,Baniyas,10904,Dubba Al Husun,2.0,4.0,1.94,0.98,1.73,1.42,3.0,2.0,11.0,19.0,1.65,1.74,16.0,10.0,3.0,5.0,0.0,0.0,,,93.0,80.0,4.0,7.0,3.0,1.0,2.0,1.0,54.0,46.0,1.74,1.65,Bet365,1.8,2.0,3.5,3.7,3.75,3.1,14.82986111111111,7.003472222222222,1.73,1.73,1.7,0.68,0.03,0.21,1.73,0.0,11.0,1.64,1.64,1.34,1.05,0.3,0.12,1.43,0.0,19.0
4398456,142,21,2025-04-11,1744379700.0,17.916666666666668,4,True,Ended,8652,Ajman Club,8344,Jazira Abu Dhabi,1.0,1.0,0.71,1.21,0.68,1.3,3.0,0.0,9.0,13.0,1.7,1.11,16.0,21.0,4.0,6.0,0.0,0.0,,,90.0,98.0,1.0,4.0,2.0,1.0,2.0,1.0,49.0,51.0,1.11,1.7,Bet365,3.0,2.4,3.6,3.6,2.05,2.5,5.892361111111111,4.003472222222222,1.2500000000000002,1.2500000000000002,1.2000000000000002,1.15,0.05,0.39,0.64,0.0,10.0,1.9,1.9,1.7900000000000005,1.16,0.11,1.5200000000000002,1.3,0.0,13.0
4398453,142,21,2025-04-11,1744389000.0,20.5,4,True,Ended,8355,Kalba,8347,Shabab Al Ahly,1.0,2.0,0.33,1.7,0.44,1.41,3.0,4.0,13.0,19.0,2.68,0.91,11.0,10.0,3.0,8.0,0.0,0.0,,,75.0,111.0,5.0,5.0,1.0,4.0,3.0,5.0,38.0,62.0,0.91,2.68,Bet365,8.0,7.0,4.75,4.6,1.33,1.36,6.111111111111111,4.0,0.9200000000000002,0.9200000000000002,0.8800000000000001,0.8600000000000001,0.04,0.2799999999999999,0.45,0.0,13.0,2.6700000000000004,2.6700000000000004,2.64,2.64,0.03,2.0800000000000005,1.4,0.0,19.0
4398452,142,21,2025-04-12,1744466100.0,17.916666666666668,5,True,Ended,8353,Al Ain,11565,Al Urooba,3.0,0.0,0.77,0.32,2.25,0.0,0.0,6.0,25.0,4.0,0.32,2.07,11.0,3.0,9.0,4.0,0.0,0.0,,,101.0,75.0,9.0,0.0,1.0,0.0,1.0,0.0,56.0,44.0,2.07,0.32,Bet365,1.11,1.17,8.0,6.5,17.0,10.0,4.892361111111111,7.003472222222222,2.16,2.16,2.1,1.7000000000000002,0.06,0.41,2.309999999999999,0.0,26.0,0.3,0.3,0.3,0.16,0.0,0.13,0.0,0.0,4.0
4398454,142,21,2025-04-12,1744466100.0,17.916666666666668,5,True,Ended,11134,Khor Fakkan,57374,Al Bataeh,1.0,1.0,0.86,0.54,0.2,1.54,7.0,4.0,11.0,16.0,0.83,0.73,11.0,12.0,9.0,9.0,0.0,0.0,,,70.0,65.0,5.0,8.0,0.0,0.0,3.0,1.0,57.0,43.0,0.73,0.83,Bet365,2.1,1.65,3.5,4.0,3.0,3.9,8.003472222222221,6.892361111111111,0.7200000000000001,0.7200000000000001,0.66,0.5700000000000001,0.06,0.65,0.1899999999999999,0.0,11.0,1.56,1.56,1.56,1.37,0.0,1.01,2.48,0.0,17.0
4398451,142,21,2025-04-12,1744475400.0,20.5,5,True,Ended,8346,Al Wasl,8350,Al-Wahda,2.0,2.0,1.01,1.21,2.46,1.48,8.0,7.0,17.0,24.0,2.11,1.98,19.0,7.0,2.0,10.0,0.0,0.0,,,67.0,130.0,10.0,10.0,2.0,3.0,2.0,1.0,41.0,59.0,1.98,2.11,Bet365,2.1,2.25,3.7,3.75,2.8,2.5,5.111111111111111,8.0,2.01,2.01,2.01,1.14,0.0,1.36,2.46,0.0,17.0,2.1,2.1,1.77,1.6,0.33,0.45,1.48,0.0,24.0
4398675,142,21,2025-04-18,1744993800.0,20.5,4,True,Ended,8349,Al Nasr Dubai,8351,Sharjah SC,2.0,1.0,0.21,0.59,1.37,0.37,4.0,2.0,10.0,10.0,0.66,0.82,19.0,13.0,2.0,3.0,0.0,0.0,,,87.0,135.0,4.0,5.0,2.0,2.0,1.0,3.0,44.0,56.0,0.82,0.66,Bet365,2.2,2.8,3.6,3.25,2.8,2.35,14.0,20.9375,0.8500000000000001,0.8500000000000001,0.8,0.33,0.05,0.8,1.37,0.0,10.0,0.64,0.64,0.64,0.51,0.0,0.14,0.36,0.0,10.0
4404804,142,22,2025-04-22,1745330100.0,17.916666666666668,1,True,Ended,8351,Sharjah SC,8652,Ajman Club,4.0,0.0,2.32,0.15,3.84,0.4,2.0,4.0,17.0,8.0,1.15,3.0,17.0,12.0,11.0,5.0,0.0,0.0,,,94.0,68.0,8.0,3.0,6.0,0.0,4.0,2.0,52.0,48.0,3.0,1.15,Bet365,1.44,1.48,3.9,3.9,6.5,5.75,3.892361111111111,11.0,2.99,2.99,2.99,2.92,0.0,0.99,3.830000000000001,0.0,17.0,1.15,1.15,0.35,0.33,0.8,0.9,0.41,0.0,8.0
4404805,142,22,2025-04-22,1745330100.0,17.916666666666668,1,True,Ended,11565,Al Urooba,8350,Al-Wahda,1.0,1.0,0.26,1.99,0.84,1.27,5.0,0.0,7.0,22.0,1.51,0.56,11.0,10.0,5.0,12.0,0.0,0.0,,,72.0,125.0,1.0,6.0,0.0,0.0,0.0,0.0,33.0,67.0,0.56,1.51,Bet365,7.5,7.0,4.75,4.1,1.29,1.38,10.0,9.89236111111111,0.57,0.57,0.5,0.5,0.07,0.18,0.84,0.0,7.0,1.5100000000000002,1.5100000000000002,1.4,1.2700000000000002,0.11,1.1800000000000002,1.26,0.0,22.0
4404802,142,22,2025-04-22,1745340300.0,20.75,1,True,Ended,10904,Dubba Al Husun,8349,Al Nasr Dubai,0.0,1.0,0.84,1.8,0.15,0.34,2.0,2.0,11.0,20.0,2.05,1.14,12.0,10.0,3.0,9.0,0.0,0.0,,,67.0,114.0,3.0,3.0,0.0,0.0,1.0,4.0,30.0,70.0,1.14,2.05,Bet365,4.1,5.5,3.75,4.1,1.7,1.48,11.118055555555555,4.010416666666667,1.1300000000000003,1.1300000000000003,1.1300000000000003,0.96,0.0,1.1300000000000003,0.15,0.0,11.0,2.140000000000001,2.140000000000001,1.9200000000000004,1.5700000000000005,0.22,1.9400000000000004,0.34,0.0,21.0
4404803,142,22,2025-04-22,1745340300.0,20.75,1,True,Ended,8345,Baniyas,8353,Al Ain,0.0,3.0,0.58,1.79,0.34,2.55,1.0,2.0,6.0,15.0,2.11,0.26,15.0,10.0,7.0,5.0,0.0,0.0,,,84.0,85.0,2.0,4.0,0.0,3.0,2.0,1.0,45.0,55.0,0.26,2.11,Bet365,4.75,5.0,4.2,3.9,1.53,1.55,11.118055555555555,10.118055555555555,0.2499999999999999,0.2499999999999999,0.15,0.15,0.1,0.0999999999999999,0.34,0.0,6.0,2.12,2.12,2.12,2.09,0.0,0.31,2.55,0.0,15.0
4404799,142,22,2025-04-23,1745416500.0,17.916666666666668,2,True,Ended,57374,Al Bataeh,8346,Al Wasl,1.0,3.0,1.54,0.94,0.15,2.64,,,7.0,7.0,1.67,0.75,15.0,12.0,2.0,2.0,0.0,0.0,,,63.0,74.0,1.0,3.0,1.0,4.0,1.0,2.0,37.0,63.0,0.75,1.67,Bet365,4.75,8.5,4.33,6.0,1.5,1.2,11.0,10.89236111111111,0.74,0.74,0.61,0.51,0.13,0.2299999999999999,0.15,0.0,7.0,1.67,1.67,1.67,1.67,0.0,0.44,2.63,0.0,7.0
4404801,142,22,2025-04-23,1745416500.0,17.916666666666668,2,True,Ended,8344,Jazira Abu Dhabi,8355,Kalba,1.0,2.0,1.16,0.65,0.76,1.7,4.0,6.0,21.0,18.0,1.57,1.86,10.0,9.0,5.0,5.0,0.0,0.0,,,92.0,85.0,8.0,7.0,0.0,3.0,1.0,0.0,57.0,43.0,1.86,1.57,Bet365,1.65,1.57,3.9,4.0,3.9,4.33,12.0,11.89236111111111,1.9600000000000009,1.9600000000000009,1.9600000000000009,0.8700000000000001,0.0,1.8800000000000008,0.76,0.0,21.0,1.5800000000000003,1.5800000000000003,1.4300000000000002,0.7700000000000002,0.15,0.53,1.71,0.0,18.0
4404800,142,22,2025-04-23,1745426700.0,20.75,2,True,Ended,8347,Shabab Al Ahly,11134,Khor Fakkan,4.0,0.0,2.28,0.27,2.51,0.0,0.0,4.0,24.0,3.0,0.36,2.56,8.0,9.0,10.0,5.0,0.0,1.0,,,100.0,63.0,8.0,0.0,1.0,0.0,1.0,1.0,60.0,40.0,2.56,0.36,Bet365,1.3,1.5,5.0,4.0,6.5,5.0,12.010416666666666,11.118055555555555,2.56,1.77,1.69,1.56,0.08,0.7,2.5200000000000005,1.0,24.0,0.37,0.37,0.37,0.37,0.0,0.3399999999999999,0.0,0.0,3.0
4352668,142,16,2025-04-27,1745762400.0,18.0,6,True,Ended,8344,Jazira Abu Dhabi,8351,Sharjah SC,1.0,1.0,0.46,0.51,1.29,1.38,3.0,3.0,14.0,12.0,1.81,1.68,12.0,11.0,3.0,3.0,0.0,1.0,,,63.0,60.0,4.0,4.0,1.0,2.0,1.0,1.0,49.0,51.0,1.68,1.81,Bet365,2.62,4.1,3.2,3.7,2.38,1.65,4.003472222222222,5.003472222222222,1.6700000000000004,0.8800000000000001,0.79,0.7000000000000001,0.09,0.41,1.29,1.0,14.0,1.8300000000000003,1.04,1.0,0.99,0.04,0.38,1.38,1.0,12.0
4352664,142,16,2025-04-27,1745772300.0,20.75,6,True,Ended,8350,Al-Wahda,8347,Shabab Al Ahly,2.0,2.0,0.69,1.0,1.03,1.98,3.0,2.0,14.0,11.0,1.76,0.89,17.0,16.0,6.0,7.0,0.0,0.0,,,53.0,66.0,4.0,5.0,3.0,1.0,5.0,3.0,45.0,55.0,0.89,1.76,Bet365,2.75,3.9,3.5,3.8,2.1,1.67,5.118055555555555,4.0,0.9800000000000002,0.9800000000000002,0.8200000000000002,0.8200000000000002,0.16,0.7800000000000001,1.03,0.0,16.0,1.7599999999999998,0.97,0.63,0.63,0.34,0.31,1.98,1.0,11.0
4352672,142,20,2025-05-01,1746113400.0,19.5,3,True,Ended,8351,Sharjah SC,8345,Baniyas,1.0,2.0,3.2,0.77,1.0,1.32,2.0,7.0,27.0,8.0,0.88,1.77,8.0,14.0,13.0,0.0,0.0,1.0,,,135.0,39.0,8.0,4.0,1.0,3.0,2.0,3.0,83.0,17.0,1.77,0.88,Bet365,1.45,1.33,4.2,4.75,5.25,7.0,4.0625,8.947916666666666,2.0600000000000005,2.0600000000000005,1.9200000000000008,1.5000000000000009,0.14,0.52,0.99,0.0,30.0,0.8800000000000001,0.8800000000000001,0.81,0.72,0.07,0.48,1.32,0.0,8.0
4404797,142,23,2025-05-03,1746281100.0,18.08333333333333,5,True,Ended,11134,Khor Fakkan,8349,Al Nasr Dubai,3.0,3.0,0.41,1.42,1.97,2.02,6.0,2.0,7.0,21.0,2.6,0.79,11.0,11.0,0.0,7.0,0.0,0.0,,,80.0,99.0,5.0,9.0,1.0,5.0,0.0,2.0,41.0,59.0,0.79,2.6,Bet365,3.4,2.62,3.7,3.5,1.85,2.25,9.88888888888889,10.88888888888889,0.79,0.79,0.79,0.72,0.0,0.6,1.98,0.0,7.0,2.83,2.83,2.83,1.93,0.0,1.02,2.01,0.0,21.0
4404798,142,23,2025-05-03,1746281100.0,18.08333333333333,5,True,Ended,8355,Kalba,10904,Dubba Al Husun,2.0,1.0,1.16,0.49,0.87,0.15,2.0,3.0,24.0,10.0,0.39,1.73,14.0,10.0,3.0,2.0,0.0,0.0,,,92.0,77.0,6.0,3.0,3.0,0.0,1.0,2.0,54.0,46.0,1.73,0.39,Bet365,1.85,2.15,3.75,3.5,3.25,2.75,10.006944444444445,10.88888888888889,1.7900000000000005,1.7900000000000005,1.7900000000000005,1.04,0.0,0.8800000000000001,0.88,0.0,24.0,0.38,0.38,0.3199999999999999,0.25,0.06,0.21,0.16,0.0,10.0
4404795,142,23,2025-05-03,1746290700.0,20.75,5,True,Ended,8346,Al Wasl,8347,Shabab Al Ahly,2.0,1.0,0.71,1.15,1.11,2.09,5.0,3.0,9.0,16.0,1.64,0.9,15.0,11.0,2.0,4.0,0.0,0.0,,,75.0,108.0,5.0,6.0,1.0,2.0,3.0,3.0,46.0,54.0,0.9,1.64,Bet365,2.15,2.5,3.5,3.4,2.75,2.4,10.118055555555555,6.0,0.8599999999999999,0.8599999999999999,0.8599999999999999,0.8599999999999999,0.0,0.1,1.11,0.0,9.0,1.7100000000000002,1.7100000000000002,1.56,1.19,0.15,0.25,2.08,0.0,16.0
4404792,142,23,2025-05-04,1746367500.0,18.08333333333333,6,True,Ended,8350,Al-Wahda,8351,Sharjah SC,3.0,0.0,0.47,0.38,2.12,0.0,0.0,2.0,7.0,13.0,1.44,1.6,11.0,15.0,0.0,3.0,0.0,0.0,,,62.0,100.0,5.0,0.0,3.0,1.0,0.0,2.0,43.0,57.0,1.6,1.44,Bet365,2.1,1.95,3.3,3.4,3.0,3.25,6.888888888888889,2.9409722222222223,1.91,1.91,1.66,0.89,0.25,0.36,2.11,0.0,7.0,1.4400000000000004,1.4400000000000004,1.3600000000000003,0.65,0.08,0.03,0.0,0.0,13.0
4404794,142,23,2025-05-04,1746377100.0,20.75,6,True,Ended,8353,Al Ain,8344,Jazira Abu Dhabi,1.0,1.0,1.46,0.6,1.32,0.41,2.0,2.0,15.0,8.0,0.62,1.06,14.0,11.0,5.0,3.0,0.0,0.0,,,113.0,66.0,3.0,3.0,2.0,0.0,1.0,0.0,58.0,42.0,1.06,0.62,Bet365,1.53,1.7,4.2,3.8,4.5,3.8,12.0,7.114583333333333,1.04,1.04,0.96,0.8400000000000001,0.08,0.52,1.33,0.0,15.0,0.62,0.62,0.5800000000000001,0.56,0.04,0.27,0.41,0.0,8.0
4404793,142,23,2025-05-05,1746453900.0,18.08333333333333,0,True,Ended,57374,Al Bataeh,8345,Baniyas,1.0,0.0,0.51,0.32,1.09,0.01,1.0,4.0,12.0,5.0,0.15,1.15,11.0,5.0,4.0,5.0,0.0,0.0,,,90.0,88.0,5.0,1.0,1.0,0.0,2.0,0.0,49.0,51.0,1.15,0.15,Bet365,2.1,1.9,2.9,3.0,3.3,3.9,12.006944444444445,3.9409722222222223,1.14,0.35,0.35,0.32,0.0,0.29,1.09,1.0,12.0,0.15,0.15,0.12,0.11,0.03,0.0,0.01,0.0,5.0
4404796,142,23,2025-05-05,1746463500.0,20.75,0,True,Ended,8652,Ajman Club,11565,Al Urooba,2.0,3.0,0.28,0.94,0.83,2.36,3.0,1.0,10.0,15.0,2.38,0.96,16.0,7.0,3.0,6.0,0.0,0.0,,,100.0,88.0,3.0,5.0,1.0,2.0,0.0,0.0,51.0,49.0,0.96,2.38,Bet365,1.55,1.67,4.1,3.8,4.5,3.9,13.118055555555555,13.118055555555555,0.95,0.95,0.84,0.77,0.11,0.67,0.82,0.0,11.0,2.38,1.59,1.54,1.54,0.05,0.13,2.36,1.0,15.0
4419967,142,24,2025-05-12,1747059000.0,18.166666666666668,0,True,Ended,8345,Baniyas,11134,Khor Fakkan,3.0,3.0,0.25,2.31,1.12,3.49,7.0,1.0,10.0,25.0,3.83,0.9,7.0,10.0,2.0,8.0,1.0,1.0,,,75.0,109.0,4.0,10.0,2.0,7.0,3.0,1.0,32.0,68.0,0.9,3.83,Bet365,2.25,2.1,3.2,3.3,2.8,3.0,7.003472222222222,9.003472222222221,0.9000000000000002,0.9000000000000002,0.8300000000000002,0.8300000000000002,0.07,0.5900000000000001,1.14,0.0,10.0,4.01,2.43,2.12,1.4800000000000004,0.31,0.7900000000000001,3.5,2.0,25.0
4419968,142,24,2025-05-12,1747059000.0,18.166666666666668,0,True,Ended,10904,Dubba Al Husun,8350,Al-Wahda,0.0,2.0,0.53,1.24,0.48,1.22,4.0,3.0,5.0,14.0,1.14,0.24,12.0,14.0,5.0,3.0,1.0,0.0,,,55.0,121.0,3.0,6.0,0.0,3.0,2.0,2.0,39.0,61.0,0.24,1.14,Bet365,5.75,5.0,4.5,4.0,1.38,1.5,9.003472222222221,8.003472222222221,0.25,0.25,0.21,0.21,0.04,0.13,0.48,0.0,5.0,1.14,1.14,1.1,0.81,0.04,0.43,1.23,0.0,14.0
4419965,142,24,2025-05-12,1747069200.0,21.0,0,True,Ended,8351,Sharjah SC,8353,Al Ain,0.0,3.0,0.33,0.52,0.11,1.82,4.0,2.0,6.0,14.0,1.96,0.3,7.0,10.0,1.0,5.0,1.0,0.0,,,81.0,85.0,2.0,7.0,0.0,3.0,2.0,2.0,49.0,51.0,0.3,1.96,Bet365,3.5,2.4,3.6,3.4,1.8,2.45,8.121527777777779,8.010416666666666,0.36,0.36,0.36,0.3,0.0,0.1999999999999999,0.19,0.0,6.0,1.98,1.1900000000000002,0.8700000000000001,0.32,0.32,0.52,1.83,1.0,14.0
4419964,142,24,2025-05-13,1747145400.0,18.166666666666668,1,True,Ended,11565,Al Urooba,8346,Al Wasl,1.0,2.0,0.88,1.83,1.57,1.44,2.0,3.0,9.0,15.0,1.88,0.78,9.0,3.0,5.0,6.0,0.0,0.0,,,87.0,108.0,4.0,4.0,1.0,2.0,1.0,0.0,40.0,60.0,0.78,1.88,Bet365,8.0,6.5,7.5,5.5,1.18,1.28,7.892361111111111,9.89236111111111,0.77,0.77,0.77,0.5800000000000001,0.0,0.3,1.5699999999999998,0.0,10.0,1.87,1.87,1.7800000000000002,1.69,0.09,1.3199999999999998,1.43,0.0,15.0
4419966,142,24,2025-05-13,1747145400.0,18.166666666666668,1,True,Ended,8344,Jazira Abu Dhabi,57374,Al Bataeh,2.0,0.0,0.34,0.69,1.88,0.13,3.0,3.0,8.0,12.0,0.58,0.58,10.0,11.0,1.0,4.0,0.0,0.0,,,64.0,92.0,5.0,3.0,1.0,0.0,2.0,2.0,50.0,50.0,0.58,0.58,Bet365,1.6,1.8,3.5,3.0,5.0,4.5,8.89236111111111,8.003472222222221,0.57,0.57,0.54,0.26,0.03,0.03,1.89,0.0,8.0,0.5900000000000001,0.5900000000000001,0.21,0.16,0.38,0.0,0.13,0.0,12.0
4419962,142,24,2025-05-13,1747155600.0,21.0,1,True,Ended,8349,Al Nasr Dubai,8347,Shabab Al Ahly,1.0,1.0,0.51,2.04,1.48,0.6,1.0,2.0,4.0,20.0,1.57,0.4,6.0,13.0,1.0,8.0,1.0,0.0,,,60.0,62.0,3.0,2.0,0.0,1.0,0.0,1.0,45.0,55.0,0.4,1.57,Bet365,2.4,2.9,3.6,3.4,2.4,2.1,10.121527777777779,10.010416666666666,0.4,0.4,0.4,0.4,0.0,0.4,1.48,0.0,4.0,1.5600000000000005,1.5600000000000005,1.4900000000000002,1.32,0.07,1.12,0.6,0.0,20.0
4419963,142,24,2025-05-13,1747155600.0,21.0,1,True,Ended,8652,Ajman Club,8355,Kalba,2.0,3.0,1.3,0.61,1.99,1.24,1.0,3.0,11.0,10.0,1.12,2.42,11.0,10.0,5.0,5.0,0.0,0.0,,,105.0,69.0,5.0,4.0,3.0,3.0,4.0,2.0,53.0,47.0,2.42,1.12,Bet365,2.75,2.3,3.5,3.4,2.15,2.6,8.010416666666666,10.121527777777779,2.42,0.8400000000000001,0.56,0.55,0.2799999999999999,0.0,1.99,2.0,11.0,1.12,1.12,1.12,1.12,0.0,0.17,1.25,0.0,10.0
4424987,142,25,2025-05-19,1747663800.0,18.166666666666668,0,True,Ended,8355,Kalba,8349,Al Nasr Dubai,2.0,3.0,1.69,0.99,1.57,1.28,0.0,5.0,29.0,8.0,0.73,2.05,12.0,13.0,9.0,3.0,0.0,0.0,18.0,5.0,52.0,38.0,7.0,3.0,0.0,1.0,3.0,4.0,59.0,41.0,2.05,0.73,Bet365,2.8,2.5,3.5,3.75,2.1,2.25,5.881944444444445,5.881944444444445,2.1100000000000008,2.1100000000000008,1.6600000000000006,1.4300000000000002,0.45,0.0,1.5699999999999998,0.0,29.0,0.72,0.72,0.71,0.71,0.01,0.04,1.28,0.0,8.0
4424988,142,25,2025-05-19,1747663800.0,18.166666666666668,0,True,Ended,8353,Al Ain,8652,Ajman Club,0.0,0.0,1.79,0.14,0.36,0.01,1.0,4.0,19.0,6.0,0.27,1.32,12.0,17.0,9.0,2.0,0.0,0.0,9.0,3.0,134.0,53.0,4.0,1.0,1.0,0.0,3.0,4.0,70.0,30.0,1.32,0.27,Bet365,1.2,1.33,6.5,5.0,8.5,6.0,6.881944444444445,5.881944444444445,1.3400000000000003,1.3400000000000003,1.2100000000000002,1.08,0.13,1.3400000000000003,0.36,0.0,19.0,0.27,0.27,0.24,0.17,0.03,0.27,0.01,0.0,6.0
4424986,142,25,2025-05-19,1747674000.0,21.0,0,True,Ended,8350,Al-Wahda,8344,Jazira Abu Dhabi,2.0,2.0,1.56,0.3,1.94,0.64,1.0,4.0,17.0,6.0,0.39,2.03,13.0,11.0,5.0,1.0,0.0,0.0,11.0,2.0,99.0,57.0,6.0,3.0,3.0,0.0,4.0,6.0,59.0,41.0,2.03,0.39,Bet365,1.73,1.57,3.6,4.0,3.9,4.33,7.118055555555555,6.118055555555555,2.03,1.24,1.24,1.2300000000000002,0.0,0.28,1.94,1.0,17.0,0.37,0.37,0.3,0.3,0.07,0.29,0.63,0.0,6.0
4424985,142,25,2025-05-20,1747750200.0,18.166666666666668,1,True,Ended,8346,Al Wasl,8345,Baniyas,3.0,1.0,3.54,0.71,1.66,0.26,2.0,3.0,25.0,5.0,0.42,3.43,5.0,10.0,10.0,2.0,0.0,2.0,15.0,3.0,104.0,53.0,6.0,3.0,2.0,0.0,0.0,1.0,72.0,28.0,3.43,0.42,Bet365,1.22,1.28,6.25,5.5,8.0,6.5,7.0,8.0,3.5,3.5,2.17,1.9,1.33,0.31,1.66,0.0,25.0,0.42,0.42,0.3399999999999999,0.3399999999999999,0.08,0.21,0.25,0.0,6.0
4424982,142,25,2025-05-20,1747760400.0,21.0,1,True,Ended,8347,Shabab Al Ahly,10904,Dubba Al Husun,3.0,2.0,1.46,1.23,2.04,1.0,4.0,1.0,11.0,19.0,1.88,2.97,14.0,11.0,5.0,4.0,0.0,0.0,8.0,12.0,87.0,82.0,4.0,6.0,3.0,3.0,3.0,4.0,51.0,49.0,2.97,1.88,Bet365,1.29,1.2,4.75,6.0,8.5,9.5,7.0,8.118055555555555,2.97,1.39,1.39,1.37,0.0,1.33,2.04,2.0,11.0,1.9100000000000008,1.9100000000000008,1.67,1.58,0.24,0.36,1.0,0.0,19.0
4424984,142,25,2025-05-20,1747760400.0,21.0,1,True,Ended,11565,Al Urooba,57374,Al Bataeh,1.0,3.0,0.39,0.86,0.05,1.29,3.0,0.0,10.0,12.0,1.18,0.53,14.0,9.0,3.0,4.0,0.0,0.0,6.0,5.0,72.0,72.0,1.0,6.0,1.0,2.0,2.0,4.0,47.0,53.0,0.53,1.18,Bet365,3.5,5.25,3.6,4.1,1.8,1.48,7.118055555555555,7.118055555555555,0.4800000000000001,0.4800000000000001,0.4600000000000001,0.3399999999999999,0.02,0.22,0.05,0.0,10.0,1.19,0.4,0.4,0.4,0.0,0.3399999999999999,1.29,1.0,12.0
4424983,142,25,2025-05-22,1747928400.0,19.666666666666668,3,True,Ended,11134,Khor Fakkan,8351,Sharjah SC,2.0,4.0,0.52,1.19,1.53,1.39,1.0,2.0,6.0,11.0,1.14,1.1,14.0,10.0,1.0,5.0,0.0,0.0,5.0,5.0,73.0,102.0,4.0,5.0,1.0,4.0,2.0,1.0,33.0,67.0,1.1,1.14,Bet365,3.7,4.1,3.7,3.8,1.75,1.65,10.0625,9.944444444444445,1.08,1.08,1.08,0.96,0.0,0.2,1.53,0.0,6.0,1.13,1.13,0.98,0.93,0.15,0.13,1.4,0.0,11.0
4427203,142,26,2025-05-23,1748015100.0,19.75,4,True,Ended,8349,Al Nasr Dubai,8353,Al Ain,0.0,2.0,0.85,1.22,0.52,2.11,2.0,2.0,6.0,12.0,1.85,0.43,7.0,14.0,4.0,4.0,0.0,0.0,5.0,8.0,72.0,104.0,2.0,5.0,1.0,3.0,2.0,1.0,42.0,58.0,0.43,1.85,Bet365,4.33,2.15,5.0,4.0,1.5,2.55,4.065972222222222,4.065972222222222,0.55,0.55,0.55,0.55,0.0,0.0,0.52,0.0,7.0,1.8900000000000003,1.1,1.1,0.5700000000000001,0.0,0.07,2.11,1.0,12.0
4427202,142,26,2025-05-24,1748095800.0,18.166666666666668,5,True,Ended,10904,Dubba Al Husun,11565,Al Urooba,1.0,2.0,0.97,1.21,0.47,0.82,3.0,4.0,13.0,17.0,1.77,1.2,6.0,10.0,3.0,3.0,0.0,0.0,6.0,12.0,77.0,85.0,5.0,5.0,2.0,1.0,1.0,1.0,49.0,51.0,1.2,1.77,Bet365,2.0,1.8,3.25,3.5,3.1,3.6,3.8819444444444446,3.8819444444444446,1.2,1.2,1.2,1.13,0.0,0.63,0.47,0.0,13.0,1.7700000000000005,1.7700000000000005,1.7100000000000004,1.1700000000000004,0.06,0.8500000000000003,0.82,0.0,17.0
4427199,142,26,2025-05-24,1748102400.0,20.0,5,True,Ended,8345,Baniyas,8355,Kalba,2.0,2.0,1.42,0.22,0.94,2.19,5.0,1.0,12.0,10.0,1.35,1.02,12.0,6.0,6.0,1.0,0.0,0.0,5.0,4.0,77.0,73.0,3.0,7.0,3.0,2.0,3.0,1.0,56.0,44.0,1.02,1.35,Bet365,3.4,2.4,3.6,3.4,1.85,2.5,4.076388888888889,5.076388888888889,1.04,1.04,1.0,0.95,0.04,0.74,0.94,0.0,12.0,1.3800000000000003,0.5900000000000001,0.26,0.1699999999999999,0.3299999999999999,0.19,2.2,1.0,10.0
4427197,142,26,2025-05-25,1748182200.0,18.166666666666668,6,True,Ended,8351,Sharjah SC,8346,Al Wasl,4.0,1.0,0.44,0.68,2.01,0.0,0.0,1.0,8.0,5.0,0.27,1.08,18.0,13.0,1.0,2.0,0.0,1.0,6.0,2.0,65.0,89.0,5.0,0.0,3.0,0.0,5.0,3.0,49.0,51.0,1.08,0.27,Bet365,3.1,2.35,3.7,3.4,1.9,2.5,2.9375,5.0,1.08,0.29,0.29,0.2299999999999999,0.0,0.12,2.62,1.0,9.0,0.26,0.26,0.26,0.26,0.0,0.17,0.0,0.0,5.0
4427201,142,26,2025-05-25,1748182200.0,18.166666666666668,6,True,Ended,57374,Al Bataeh,8350,Al-Wahda,1.0,3.0,0.33,0.53,0.46,1.73,2.0,2.0,8.0,12.0,1.66,0.35,16.0,9.0,2.0,3.0,0.0,0.0,6.0,9.0,70.0,73.0,3.0,5.0,1.0,1.0,3.0,1.0,40.0,60.0,0.35,1.66,Bet365,5.5,5.75,4.0,4.1,1.48,1.45,4.881944444444445,5.881944444444445,0.4,0.4,0.37,0.37,0.03,0.06,0.51,0.0,9.0,1.65,0.86,0.86,0.76,0.0,0.19,1.73,1.0,12.0
4427198,142,26,2025-05-25,1748188800.0,20.0,6,True,Ended,8344,Jazira Abu Dhabi,8347,Shabab Al Ahly,1.0,2.0,0.8,0.23,0.47,1.78,2.0,3.0,11.0,5.0,1.4,0.84,21.0,12.0,6.0,2.0,0.0,0.0,7.0,4.0,65.0,73.0,4.0,4.0,1.0,4.0,4.0,1.0,52.0,48.0,0.84,1.4,Bet365,2.9,3.1,3.7,3.75,2.0,1.91,5.958333333333333,4.958333333333333,0.92,0.92,0.92,0.55,0.0,0.26,0.4599999999999999,0.0,12.0,1.4,0.6100000000000001,0.18,0.18,0.43,0.5,1.79,1.0,5.0
4427200,142,26,2025-05-25,1748188800.0,20.0,6,True,Ended,8652,Ajman Club,11134,Khor Fakkan,4.0,1.0,2.2,0.35,2.77,0.22,1.0,6.0,17.0,5.0,0.25,2.4,11.0,16.0,8.0,4.0,1.0,0.0,12.0,4.0,99.0,72.0,12.0,2.0,6.0,0.0,2.0,0.0,56.0,44.0,2.4,0.25,Bet365,1.7,2.55,4.2,3.75,3.6,2.2,6.076388888888889,3.013888888888889,2.41,2.41,2.35,2.35,0.06,1.13,2.77,0.0,17.0,0.24,0.24,0.22,0.16,0.02,0.02,0.22,0.0,5.0
4476443,143,1,2025-08-16,1755353100.0,18.08333333333333,5,True,Ended,8347,Shabab Al Ahly,8352,Al Dhafra,2.0,0.0,1.21,0.31,0.9,0.04,1.0,2.0,12.0,7.0,0.52,1.18,10.0,15.0,6.0,4.0,0.0,0.0,4.0,4.0,90.0,62.0,4.0,1.0,2.0,1.0,3.0,0.0,55.0,45.0,1.18,0.52,Bet365,1.14,1.22,7.0,5.25,15.0,9.5,82.92013888888889,,1.1900000000000004,1.1900000000000004,1.0700000000000005,1.03,0.12,0.04,0.9,0.0,12.0,0.53,0.53,0.44,0.34,0.09,0.01,0.04,0.0,7.0
4476445,143,1,2025-08-16,1755353100.0,18.08333333333333,5,True,Ended,10880,Dibba Al Fujairah,8351,Sharjah SC,1.0,3.0,0.82,0.87,0.72,1.87,3.0,3.0,9.0,16.0,2.19,0.63,15.0,9.0,4.0,7.0,0.0,0.0,4.0,10.0,44.0,61.0,5.0,6.0,0.0,3.0,2.0,0.0,42.0,58.0,0.63,2.19,Bet365,7.0,5.25,3.9,3.6,1.4,1.55,,82.99652777777777,0.6900000000000002,0.6900000000000002,0.41,0.36,0.28,0.05,0.7200000000000001,0.0,9.0,2.18,2.18,2.13,1.32,0.05,0.44,1.87,0.0,16.0
4476446,143,1,2025-08-16,1755361800.0,20.5,5,True,Ended,8353,Al Ain,57374,Al Bataeh,2.0,1.0,1.1,0.3,1.95,0.94,2.0,2.0,12.0,4.0,0.89,1.04,6.0,14.0,6.0,4.0,0.0,0.0,5.0,2.0,81.0,70.0,4.0,3.0,3.0,1.0,1.0,3.0,60.0,40.0,1.04,0.89,Bet365,1.4,1.38,4.5,4.5,5.5,6.0,85.03125,83.09722222222223,1.04,1.04,0.69,0.6599999999999999,0.35,0.73,1.95,0.0,12.0,0.9,0.11,0.11,0.11,0.0,0.11,0.93,1.0,4.0
4476447,143,1,2025-08-16,1755361800.0,20.5,5,True,Ended,8355,Kalba,8349,Al Nasr Dubai,0.0,1.0,0.41,1.45,0.38,0.15,0.0,2.0,11.0,11.0,1.02,1.05,9.0,9.0,9.0,6.0,0.0,0.0,7.0,8.0,97.0,88.0,2.0,1.0,0.0,1.0,3.0,1.0,45.0,55.0,1.05,1.02,Bet365,2.55,2.5,3.6,3.75,2.25,2.25,84.02083333333333,85.03125,1.31,1.31,1.15,0.98,0.16,0.61,0.38,0.0,12.0,1.03,1.03,1.0,0.98,0.03,0.98,0.15,0.0,11.0
4476444,143,1,2025-08-17,1755439500.0,18.08333333333333,6,True,Ended,8652,Ajman Club,8350,Al-Wahda,0.0,2.0,0.87,0.86,0.75,1.42,6.0,3.0,5.0,15.0,1.87,0.55,11.0,11.0,5.0,3.0,0.0,0.0,3.0,9.0,88.0,82.0,3.0,9.0,1.0,2.0,1.0,1.0,52.0,48.0,0.55,1.87,Bet365,4.33,3.4,3.75,3.6,1.62,1.85,83.92013888888889,83.99652777777777,0.55,0.55,0.55,0.55,0.0,0.27,0.75,0.0,5.0,1.86,1.07,1.02,0.8500000000000001,0.05,0.21,1.4200000000000002,1.0,15.0
4476448,143,1,2025-08-17,1755439500.0,18.08333333333333,6,True,Ended,11134,Khor Fakkan,8344,Jazira Abu Dhabi,3.0,2.0,0.71,1.42,2.44,1.96,1.0,1.0,8.0,19.0,2.85,1.3,10.0,10.0,1.0,7.0,1.0,0.0,4.0,12.0,,,4.0,3.0,2.0,2.0,1.0,1.0,37.0,63.0,1.3,2.85,,,,,,,,83.92013888888889,83.92013888888889,1.31,1.31,1.2600000000000002,1.2200000000000002,0.05,0.31,2.44,0.0,8.0,2.89,1.3100000000000005,1.3000000000000005,1.08,0.01,0.42,1.96,2.0,19.0
4476449,143,1,2025-08-17,1755448200.0,20.5,6,True,Ended,8346,Al Wasl,8345,Baniyas,2.0,0.0,1.39,0.32,1.39,0.0,0.0,1.0,11.0,4.0,0.12,1.45,10.0,10.0,7.0,1.0,0.0,0.0,6.0,2.0,93.0,68.0,4.0,0.0,5.0,0.0,0.0,2.0,61.0,39.0,1.45,0.12,Bet365,1.3,1.22,4.5,5.25,7.5,9.0,84.09722222222223,85.02083333333333,1.7800000000000002,1.7800000000000002,1.7800000000000002,1.7800000000000002,0.0,0.21,1.9,0.0,12.0,0.13,0.13,0.05,0.05,0.08,0.03,0.0,0.0,4.0
4490882,143,2,2025-08-22,1755871200.0,18.0,4,True,Ended,8345,Baniyas,8355,Kalba,0.0,1.0,0.7,0.53,0.03,1.18,1.0,1.0,8.0,5.0,1.03,0.23,26.0,14.0,2.0,2.0,0.0,0.0,2.0,4.0,102.0,67.0,1.0,2.0,0.0,1.0,2.0,0.0,57.0,43.0,0.23,1.03,Bet365,2.6,2.4,3.2,3.5,2.55,2.55,4.895833333333333,5.895833333333333,0.24,0.24,0.18,0.16,0.06,0.22,0.03,0.0,8.0,1.03,0.24,0.12,0.12,0.12,0.24,1.17,1.0,5.0
4490881,143,2,2025-08-22,1755880200.0,20.5,4,True,Ended,8351,Sharjah SC,8344,Jazira Abu Dhabi,0.0,1.0,0.51,0.7,0.16,0.33,4.0,2.0,9.0,17.0,0.78,0.47,23.0,14.0,4.0,3.0,,,7.0,5.0,,,2.0,5.0,0.0,0.0,2.0,1.0,56.0,44.0,0.47,0.78,,,,,,,,6.100694444444445,5.100694444444445,0.47,0.47,0.45,0.45,0.02,0.3,0.16,0.0,9.0,0.8000000000000003,0.8000000000000003,0.6399999999999999,0.5999999999999999,0.16,0.6100000000000001,0.3399999999999999,0.0,18.0
4490878,143,2,2025-08-23,1755957600.0,18.0,5,True,Ended,8352,Al Dhafra,8346,Al Wasl,3.0,1.0,0.44,2.2,1.16,2.0,3.0,0.0,5.0,17.0,2.29,0.46,14.0,17.0,2.0,10.0,0.0,0.0,4.0,10.0,48.0,119.0,3.0,4.0,0.0,1.0,1.0,1.0,36.0,64.0,0.46,2.29,Bet365,6.5,5.25,4.0,4.0,1.4,1.48,6.996527777777778,5.895833333333333,0.46,0.46,0.46,0.46,0.0,0.33,1.16,0.0,5.0,2.3000000000000007,2.3000000000000007,1.7600000000000002,1.7600000000000002,0.54,0.64,2.01,0.0,17.0
4490880,143,2,2025-08-23,1755957600.0,18.0,5,True,Ended,10880,Dibba Al Fujairah,8353,Al Ain,2.0,3.0,0.32,1.76,1.63,1.71,1.0,3.0,13.0,13.0,1.5,1.33,13.0,11.0,3.0,5.0,1.0,0.0,9.0,9.0,3.0,15.0,7.0,4.0,1.0,1.0,2.0,3.0,40.0,60.0,1.33,1.5,Bet365,7.0,5.0,5.0,4.2,1.3,1.5,6.996527777777778,6.895833333333333,1.33,1.33,1.01,0.94,0.32,0.13,1.63,0.0,13.0,1.6100000000000003,1.6100000000000003,1.6100000000000003,1.6100000000000003,0.0,1.11,2.8600000000000003,0.0,15.0
4490879,143,2,2025-08-23,1755966600.0,20.5,5,True,Ended,8350,Al-Wahda,8347,Shabab Al Ahly,0.0,0.0,0.68,0.32,0.0,0.6,2.0,0.0,11.0,5.0,0.2,1.06,13.0,8.0,5.0,2.0,1.0,1.0,9.0,2.0,67.0,81.0,0.0,2.0,1.0,0.0,1.0,3.0,51.0,49.0,1.06,0.2,Bet365,2.5,2.5,3.6,3.7,2.3,2.25,6.100694444444445,7.100694444444445,1.08,1.08,1.01,0.43,0.07,1.08,0.0,0.0,12.0,0.21,0.21,0.21,0.16,0.0,0.21,0.6000000000000001,0.0,5.0
4490877,143,2,2025-08-24,1756044000.0,18.0,6,True,Ended,57374,Al Bataeh,11134,Khor Fakkan,2.0,1.0,0.39,0.83,1.33,0.68,2.0,1.0,3.0,8.0,0.73,0.62,18.0,9.0,2.0,3.0,0.0,0.0,2.0,4.0,74.0,91.0,3.0,3.0,1.0,2.0,1.0,1.0,42.0,58.0,0.62,0.73,Bet365,2.5,2.15,3.6,3.6,2.3,2.7,7.895833333333333,6.996527777777778,0.62,0.62,0.62,0.61,0.0,0.61,1.33,0.0,3.0,1.04,1.04,0.72,0.49,0.32,0.22,1.04,0.0,9.0
4490876,143,2,2025-08-24,1756053000.0,20.5,6,True,Ended,8349,Al Nasr Dubai,8652,Ajman Club,1.0,0.0,1.14,0.31,0.59,0.14,2.0,0.0,11.0,5.0,0.36,1.07,19.0,12.0,4.0,3.0,0.0,1.0,8.0,4.0,109.0,65.0,1.0,2.0,4.0,0.0,3.0,2.0,67.0,33.0,1.07,0.36,Bet365,1.9,1.75,3.3,3.6,3.5,3.75,8.0,7.100694444444445,1.07,1.07,0.8899999999999999,0.8899999999999999,0.18,0.87,0.59,0.0,11.0,0.34,0.34,0.19,0.19,0.15,0.15,0.14,0.0,5.0
4532372,143,3,2025-09-11,1757598000.0,17.666666666666668,3,True,Ended,8355,Kalba,8350,Al-Wahda,0.0,0.0,0.47,1.44,0.84,0.41,5.0,5.0,10.0,17.0,1.57,0.54,10.0,9.0,3.0,8.0,0.0,0.0,5.0,11.0,72.0,121.0,4.0,5.0,1.0,0.0,1.0,1.0,43.0,57.0,0.54,1.57,Bet365,3.5,3.6,4.0,3.9,1.73,1.73,19.98611111111111,18.881944444444443,0.56,0.56,0.56,0.49,0.0,0.56,0.8300000000000001,0.0,10.0,1.57,1.57,1.33,1.25,0.24,1.57,0.41,0.0,17.0
4532373,143,3,2025-09-11,1757607300.0,20.25,3,True,Ended,11134,Khor Fakkan,8351,Sharjah SC,2.0,2.0,0.47,1.38,1.48,1.58,3.0,1.0,4.0,24.0,2.97,1.36,10.0,13.0,0.0,12.0,0.0,0.0,3.0,17.0,69.0,105.0,3.0,5.0,3.0,2.0,3.0,3.0,31.0,69.0,1.36,2.97,Bet365,3.7,3.2,3.9,3.6,1.7,1.91,18.09375,19.989583333333332,1.36,0.5700000000000001,0.5700000000000001,0.5700000000000001,0.0,0.37,1.48,1.0,4.0,2.97,1.3900000000000006,1.3500000000000003,1.3500000000000003,0.04,0.67,1.58,2.0,24.0
4532376,143,3,2025-09-11,1757607300.0,20.25,3,True,Ended,8347,Shabab Al Ahly,8345,Baniyas,1.0,0.0,1.1,0.17,0.94,0.05,2.0,4.0,18.0,11.0,0.46,1.8,11.0,10.0,6.0,4.0,0.0,1.0,8.0,4.0,105.0,63.0,5.0,2.0,2.0,0.0,3.0,3.0,63.0,37.0,1.8,0.46,Bet365,1.27,1.4,5.25,4.5,7.0,5.5,18.989583333333332,20.09375,1.8000000000000005,1.8000000000000005,1.7000000000000002,1.7000000000000002,0.1,0.5800000000000001,0.95,0.0,18.0,0.46,0.46,0.4,0.3399999999999999,0.06,0.07,0.05,0.0,11.0
4532374,143,3,2025-09-12,1757684400.0,17.666666666666668,4,True,Ended,8352,Al Dhafra,10880,Dibba Al Fujairah,2.0,1.0,1.08,0.5,1.72,0.55,1.0,3.0,12.0,8.0,0.95,0.78,7.0,14.0,5.0,3.0,0.0,0.0,7.0,5.0,65.0,50.0,5.0,2.0,2.0,1.0,2.0,2.0,55.0,45.0,0.78,0.95,Bet365,2.3,2.1,3.6,3.75,2.5,2.7,19.98611111111111,19.98611111111111,0.78,0.78,0.76,0.6600000000000001,0.02,0.6400000000000001,1.7200000000000002,0.0,12.0,0.95,0.95,0.8,0.74,0.15,0.5299999999999999,0.55,0.0,8.0
4532375,143,3,2025-09-12,1757693700.0,20.25,4,True,Ended,8652,Ajman Club,57374,Al Bataeh,1.0,0.0,1.2,0.44,1.04,0.11,2.0,3.0,15.0,7.0,1.05,1.66,15.0,23.0,6.0,2.0,0.0,0.0,11.0,4.0,65.0,102.0,4.0,2.0,3.0,1.0,5.0,3.0,38.0,62.0,1.66,1.05,Bet365,2.05,1.91,3.7,4.0,2.75,2.9,18.989583333333332,19.09375,1.6600000000000004,1.6600000000000004,1.14,1.09,0.52,1.6400000000000003,1.03,0.0,15.0,1.05,0.26,0.26,0.26,0.0,0.06,0.11,1.0,7.0
4532379,143,3,2025-09-13,1757770800.0,17.666666666666668,5,True,Ended,8344,Jazira Abu Dhabi,8349,Al Nasr Dubai,0.0,0.0,0.54,0.26,0.1,0.17,1.0,1.0,16.0,11.0,0.76,0.64,16.0,10.0,4.0,7.0,,,7.0,3.0,,,1.0,1.0,0.0,0.0,2.0,2.0,58.0,42.0,0.64,0.76,,,,,,,,21.881944444444443,19.881944444444443,0.6300000000000001,0.6300000000000001,0.52,0.3500000000000001,0.11,0.6300000000000001,0.1,0.0,16.0,0.77,0.77,0.72,0.6700000000000002,0.05,0.77,0.17,0.0,11.0
4532378,143,3,2025-09-13,1757780100.0,20.25,5,True,Ended,8346,Al Wasl,8353,Al Ain,1.0,1.0,0.92,0.5,0.19,0.6,3.0,0.0,6.0,9.0,0.6,0.66,11.0,13.0,1.0,4.0,0.0,0.0,3.0,7.0,61.0,81.0,1.0,4.0,0.0,1.0,2.0,0.0,49.0,51.0,0.66,0.6,Bet365,2.35,2.25,3.4,3.5,2.55,2.62,21.09375,21.09375,0.6499999999999999,0.6499999999999999,0.4099999999999999,0.38,0.24,0.62,0.19,0.0,6.0,0.5900000000000001,0.5900000000000001,0.4,0.4,0.19,0.37,0.61,0.0,9.0
4532377,143,4,2025-09-19,1758288600.0,17.5,4,True,Ended,8350,Al-Wahda,8352,Al Dhafra,5.0,2.0,1.44,0.5,2.25,0.7,4.0,5.0,16.0,9.0,0.7,2.2,9.0,8.0,4.0,2.0,1.0,0.0,10.0,5.0,93.0,82.0,9.0,6.0,3.0,2.0,1.0,2.0,51.0,49.0,2.2,0.7,Bet365,1.29,1.29,5.5,5.5,6.5,6.5,7.993055555555555,6.993055555555555,2.18,1.39,1.39,1.37,0.0,0.59,2.27,1.0,16.0,0.7000000000000001,0.7000000000000001,0.5200000000000001,0.3400000000000001,0.18,0.04,0.69,0.0,10.0
4532380,143,4,2025-09-19,1758298500.0,20.25,4,True,Ended,8345,Baniyas,8344,Jazira Abu Dhabi,0.0,4.0,0.41,1.39,0.14,3.14,3.0,1.0,6.0,15.0,1.9,0.44,11.0,9.0,1.0,2.0,1.0,0.0,5.0,11.0,,,1.0,7.0,0.0,3.0,1.0,0.0,36.0,64.0,0.44,1.9,,,,,,,,8.0,6.107638888888889,0.4399999999999999,0.4399999999999999,0.4399999999999999,0.29,0.0,0.21,0.14,0.0,6.0,1.9200000000000004,1.13,0.8700000000000001,0.8700000000000001,0.26,0.21,3.14,1.0,15.0
4532381,143,4,2025-09-20,1758375000.0,17.5,5,True,Ended,10880,Dibba Al Fujairah,8355,Kalba,1.0,2.0,0.68,0.47,0.31,0.89,1.0,2.0,12.0,11.0,0.87,0.96,14.0,9.0,5.0,1.0,0.0,0.0,7.0,5.0,87.0,99.0,3.0,3.0,0.0,1.0,3.0,3.0,42.0,58.0,0.96,0.87,Bet365,2.8,2.8,3.2,3.2,2.3,2.3,7.993055555555555,8.993055555555555,1.3,1.3,1.1,0.6,0.2,0.4,0.7100000000000001,0.0,13.0,0.8700000000000001,0.8700000000000001,0.8700000000000001,0.5499999999999999,0.0,0.36,0.89,0.0,11.0
4532382,143,4,2025-09-20,1758375000.0,17.5,5,True,Ended,8353,Al Ain,11134,Khor Fakkan,3.0,0.0,1.63,0.68,2.39,0.04,1.0,4.0,20.0,8.0,0.49,2.6,11.0,9.0,9.0,6.0,0.0,0.0,15.0,4.0,97.0,92.0,7.0,1.0,1.0,0.0,0.0,1.0,50.0,50.0,2.6,0.49,Bet365,1.38,1.38,4.2,4.2,6.5,6.5,6.885416666666667,8.885416666666666,2.6000000000000005,1.8100000000000005,1.3700000000000003,1.32,0.44,0.72,2.38,1.0,20.0,0.49,0.49,0.49,0.49,0.0,0.04,0.04,0.0,8.0
4532383,143,4,2025-09-20,1758384900.0,20.25,5,True,Ended,8349,Al Nasr Dubai,8347,Shabab Al Ahly,0.0,1.0,0.45,1.22,0.58,1.18,3.0,2.0,8.0,17.0,1.81,1.09,18.0,8.0,1.0,6.0,0.0,0.0,6.0,11.0,77.0,99.0,2.0,4.0,2.0,1.0,5.0,4.0,43.0,57.0,1.09,1.81,,,,,,,,7.107638888888889,9.0,1.09,1.09,1.09,0.93,0.0,1.09,0.5800000000000001,0.0,8.0,1.98,1.98,1.89,1.73,0.09,1.8100000000000005,1.96,0.0,18.0
4532385,143,4,2025-09-21,1758461400.0,17.5,6,True,Ended,57374,Al Bataeh,8346,Al Wasl,0.0,1.0,0.57,1.58,0.17,2.07,6.0,5.0,12.0,11.0,1.81,0.74,14.0,6.0,6.0,2.0,0.0,0.0,5.0,10.0,63.0,91.0,5.0,7.0,1.0,0.0,2.0,0.0,43.0,57.0,0.74,1.81,Bet365,5.5,5.5,4.5,4.5,1.4,1.4,8.885416666666666,7.885416666666667,0.7400000000000002,0.7400000000000002,0.52,0.4700000000000001,0.22,0.35,0.18,0.0,12.0,1.81,1.81,1.75,1.5499999999999998,0.06,1.13,2.07,0.0,11.0
4532384,143,4,2025-09-21,1758471300.0,20.25,6,True,Ended,8351,Sharjah SC,8652,Ajman Club,0.0,1.0,0.62,1.13,0.05,0.62,2.0,2.0,10.0,13.0,1.37,0.37,16.0,18.0,5.0,4.0,0.0,0.0,5.0,9.0,88.0,67.0,3.0,4.0,0.0,1.0,2.0,4.0,61.0,39.0,0.37,1.37,Bet365,1.85,1.75,3.4,3.5,3.6,4.0,10.0,9.0,0.37,0.37,0.23,0.23,0.14,0.17,0.05,0.0,10.0,1.4300000000000002,1.4300000000000002,1.07,1.03,0.36,0.73,0.63,0.0,13.0
4532386,143,5,2025-09-24,1758720300.0,17.416666666666668,2,True,Ended,11134,Khor Fakkan,8355,Kalba,2.0,4.0,0.42,2.62,1.89,3.09,7.0,1.0,5.0,31.0,2.44,1.12,7.0,14.0,1.0,6.0,2.0,0.0,4.0,17.0,75.0,89.0,3.0,12.0,2.0,4.0,2.0,2.0,42.0,58.0,1.12,2.44,Bet365,2.25,2.25,3.5,3.5,2.8,2.8,3.9965277777777777,3.9965277777777777,1.13,0.3399999999999999,0.3399999999999999,0.3399999999999999,0.0,0.3399999999999999,1.89,1.0,5.0,2.880000000000001,2.880000000000001,2.7700000000000005,1.85,0.11,0.7700000000000002,3.08,0.0,32.0
4532387,143,5,2025-09-24,1758730500.0,20.25,2,True,Ended,8344,Jazira Abu Dhabi,8350,Al-Wahda,0.0,1.0,0.69,0.87,,,,,7.0,5.0,0.47,0.57,12.0,11.0,2.0,3.0,,,5.0,4.0,,,,,0.0,0.0,5.0,2.0,59.0,41.0,0.57,0.47,,,,,,,,5.0,5.114583333333333,0.5800000000000001,0.5800000000000001,0.4499999999999999,0.4499999999999999,0.13,0.18,0.0,0.0,8.0,0.47,0.47,0.3399999999999999,0.3399999999999999,0.13,0.16,0.0,0.0,5.0
4532388,143,5,2025-09-25,1758806700.0,17.416666666666668,3,True,Ended,8347,Shabab Al Ahly,8353,Al Ain,0.0,1.0,1.15,0.84,0.56,0.29,0.0,5.0,21.0,10.0,1.06,2.01,7.0,23.0,6.0,6.0,0.0,0.0,11.0,5.0,94.0,42.0,5.0,1.0,1.0,1.0,1.0,4.0,56.0,44.0,2.01,1.06,Bet365,2.15,2.15,3.5,3.5,2.75,2.75,4.881944444444445,4.996527777777778,1.9800000000000004,1.1900000000000004,1.1000000000000003,1.0500000000000005,0.09,0.8500000000000001,0.55,1.0,21.0,1.09,1.09,1.05,0.99,0.04,1.06,0.29,0.0,10.0
4532389,143,5,2025-09-25,1758816900.0,20.25,3,True,Ended,8346,Al Wasl,8351,Sharjah SC,2.0,1.0,2.13,0.34,1.58,0.62,1.0,2.0,14.0,8.0,0.42,1.67,12.0,16.0,6.0,1.0,0.0,0.0,11.0,4.0,107.0,65.0,4.0,2.0,0.0,0.0,1.0,4.0,59.0,41.0,1.67,0.42,Bet365,1.8,1.8,3.4,3.4,3.75,3.75,4.114583333333333,4.0,1.65,1.65,1.53,1.53,0.12,1.27,1.57,0.0,14.0,0.42,0.42,0.42,0.41,0.0,0.1399999999999999,0.62,0.0,8.0
4532390,143,5,2025-09-26,1758893100.0,17.416666666666668,4,True,Ended,8345,Baniyas,8652,Ajman Club,0.0,1.0,0.43,0.55,0.33,1.13,2.0,3.0,8.0,13.0,1.58,0.6,21.0,8.0,5.0,10.0,2.0,0.0,6.0,8.0,69.0,78.0,3.0,4.0,0.0,2.0,2.0,0.0,43.0,57.0,0.6,1.58,Bet365,3.25,3.25,3.4,3.4,1.95,1.95,6.881944444444445,4.881944444444445,0.6100000000000001,0.6100000000000001,0.3899999999999999,0.3899999999999999,0.22,0.6100000000000001,0.33,0.0,8.0,1.5800000000000003,0.7900000000000003,0.4600000000000001,0.39,0.33,0.7900000000000003,1.13,1.0,13.0
4532391,143,5,2025-09-26,1758893100.0,17.416666666666668,4,True,Ended,8352,Al Dhafra,57374,Al Bataeh,3.0,1.0,1.32,0.42,2.9,0.82,2.0,4.0,15.0,4.0,0.15,1.84,11.0,16.0,2.0,4.0,0.0,0.0,11.0,3.0,29.0,27.0,7.0,3.0,3.0,0.0,1.0,3.0,56.0,44.0,1.84,0.15,Bet365,2.38,2.35,3.4,3.5,2.45,2.5,6.996527777777778,4.996527777777778,1.86,1.86,1.65,1.61,0.21,0.23,2.9000000000000004,0.0,15.0,0.14,0.14,0.08,0.08,0.06,0.06,0.82,0.0,4.0
4532392,143,5,2025-09-26,1758903300.0,20.25,4,True,Ended,8349,Al Nasr Dubai,10880,Dibba Al Fujairah,1.0,1.0,1.06,0.84,3.02,0.65,5.0,6.0,18.0,12.0,0.89,1.97,11.0,19.0,11.0,2.0,0.0,0.0,12.0,4.0,85.0,84.0,7.0,6.0,2.0,1.0,1.0,5.0,63.0,37.0,1.97,0.89,Bet365,1.45,1.44,4.2,4.33,5.25,5.25,6.0,6.114583333333333,1.95,1.95,1.5700000000000005,1.2600000000000002,0.3799999999999999,1.36,3.02,0.0,18.0,0.9000000000000001,0.9000000000000001,0.8400000000000001,0.81,0.06,0.37,0.6599999999999999,0.0,12.0
4532542,143,6,2025-10-17,1760706300.0,17.083333333333332,4,True,Ended,8351,Sharjah SC,8352,Al Dhafra,2.0,0.0,1.43,0.26,0.9,0.26,2.0,2.0,16.0,5.0,0.23,1.53,13.0,9.0,7.0,1.0,0.0,1.0,14.0,2.0,108.0,59.0,4.0,2.0,1.0,0.0,2.0,3.0,58.0,42.0,1.53,0.23,Bet365,1.55,1.36,4.0,4.75,4.5,5.75,21.868055555555557,20.98611111111111,1.6700000000000004,1.6700000000000004,1.5900000000000003,1.3300000000000003,0.08,0.33,0.9,0.0,17.0,0.2299999999999999,0.2299999999999999,0.2299999999999999,0.21,0.0,0.1699999999999999,0.26,0.0,5.0
4532543,143,6,2025-10-17,1760706300.0,17.083333333333332,4,True,Ended,57374,Al Bataeh,8350,Al-Wahda,1.0,3.0,1.95,0.42,1.31,1.11,1.0,3.0,18.0,7.0,0.69,2.12,9.0,14.0,9.0,5.0,1.0,1.0,11.0,5.0,126.0,64.0,5.0,3.0,1.0,2.0,0.0,1.0,60.0,40.0,2.12,0.69,Bet365,5.5,5.0,4.2,4.0,1.44,1.5,20.98611111111111,22.868055555555557,2.14,2.14,1.7600000000000002,1.7600000000000002,0.38,0.0,1.31,0.0,19.0,0.6900000000000001,0.6900000000000001,0.3299999999999999,0.24,0.36,0.4,1.11,0.0,7.0
4532541,143,6,2025-10-17,1760715900.0,19.75,4,True,Ended,8355,Kalba,8347,Shabab Al Ahly,0.0,0.0,0.51,1.34,0.06,0.26,2.0,1.0,10.0,16.0,1.25,0.52,10.0,6.0,4.0,3.0,1.0,0.0,5.0,9.0,52.0,115.0,2.0,2.0,0.0,0.0,3.0,0.0,35.0,65.0,0.52,1.25,Bet365,4.5,3.7,4.0,3.6,1.6,1.8,23.09722222222222,22.09722222222222,0.53,0.53,0.43,0.37,0.0999999999999999,0.53,0.06,0.0,10.0,1.3100000000000005,1.3100000000000005,1.2100000000000002,0.99,0.1,1.3100000000000005,0.26,0.0,17.0
4532536,143,6,2025-10-18,1760792700.0,17.083333333333332,5,True,Ended,8353,Al Ain,8345,Baniyas,4.0,0.0,1.04,0.75,2.81,0.14,1.0,6.0,14.0,3.0,0.17,2.16,6.0,5.0,3.0,8.0,1.0,0.0,8.0,0.0,27.0,20.0,10.0,1.0,3.0,0.0,0.0,0.0,60.0,40.0,2.16,0.17,Bet365,1.27,1.2,5.5,6.0,8.5,11.0,22.98611111111111,21.98611111111111,2.18,1.39,1.39,0.98,0.0,0.3,2.81,1.0,14.0,0.1699999999999999,0.1699999999999999,0.05,0.05,0.12,0.0,0.14,0.0,3.0
4532540,143,6,2025-10-18,1760792700.0,17.083333333333332,5,True,Ended,10880,Dibba Al Fujairah,8344,Jazira Abu Dhabi,0.0,1.0,1.1,0.44,1.81,1.11,3.0,6.0,20.0,10.0,1.4,1.99,14.0,13.0,4.0,4.0,0.0,1.0,14.0,6.0,,,7.0,4.0,1.0,1.0,2.0,2.0,51.0,49.0,1.99,1.4,,,,,,,,21.868055555555557,23.868055555555557,2.12,2.12,2.12,1.5,0.0,0.06,1.82,0.0,21.0,1.4,1.4,1.36,1.27,0.04,0.81,1.11,0.0,10.0
4532538,143,6,2025-10-18,1760802300.0,19.75,5,True,Ended,8346,Al Wasl,8349,Al Nasr Dubai,2.0,1.0,1.7,0.93,1.22,0.42,1.0,2.0,12.0,8.0,1.09,0.97,12.0,13.0,8.0,3.0,0.0,1.0,8.0,6.0,0.0,0.0,4.0,3.0,1.0,1.0,3.0,4.0,74.0,26.0,0.97,1.09,,,,,,,,22.979166666666668,21.979166666666668,0.97,0.97,0.97,0.89,0.0,0.33,1.21,0.0,12.0,1.09,1.09,1.09,1.0,0.0,0.09,0.42,0.0,8.0
4532539,143,6,2025-10-18,1760802300.0,19.75,5,True,Ended,8652,Ajman Club,11134,Khor Fakkan,1.0,2.0,1.79,1.37,0.81,0.42,0.0,4.0,10.0,7.0,0.82,1.24,14.0,10.0,5.0,0.0,0.0,0.0,7.0,5.0,88.0,84.0,5.0,2.0,1.0,1.0,1.0,3.0,52.0,48.0,1.24,0.82,Bet365,2.05,1.85,3.2,3.3,3.1,3.5,22.09722222222222,24.09722222222222,1.3800000000000003,1.3800000000000003,1.16,1.11,0.22,0.09,0.8,0.0,12.0,0.83,0.83,0.27,0.22,0.5599999999999999,0.82,0.42,0.0,7.0
4532535,143,7,2025-10-30,1761829200.0,17.0,3,True,Ended,8350,Al-Wahda,8349,Al Nasr Dubai,3.0,2.0,1.5,0.74,1.37,1.65,0.0,1.0,17.0,6.0,1.22,2.03,10.0,12.0,6.0,1.0,0.0,0.0,7.0,5.0,36.0,22.0,4.0,2.0,3.0,2.0,2.0,3.0,60.0,40.0,2.03,1.22,Bet365,1.57,1.5,3.6,4.0,4.75,5.0,12.996527777777779,11.885416666666666,2.04,1.2500000000000002,1.11,1.04,0.14,0.22,1.37,1.0,17.0,1.22,0.43,0.25,0.25,0.18,0.18,1.64,1.0,6.0
4532532,143,7,2025-10-30,1761839100.0,19.75,3,True,Ended,8347,Shabab Al Ahly,8351,Sharjah SC,2.0,0.0,1.3,0.53,0.54,0.19,3.0,1.0,16.0,8.0,0.46,0.91,15.0,13.0,6.0,2.0,0.0,0.0,8.0,4.0,101.0,86.0,3.0,3.0,1.0,2.0,2.0,1.0,55.0,45.0,0.91,0.46,Bet365,1.7,2.0,4.0,3.75,3.5,2.88,13.0,13.11111111111111,0.9,0.9,0.85,0.7300000000000001,0.05,0.6299999999999999,0.53,0.0,16.0,0.4499999999999999,0.4499999999999999,0.42,0.42,0.03,0.07,0.18,0.0,8.0
4532537,143,7,2025-10-30,1761839100.0,19.75,3,True,Ended,8652,Ajman Club,8353,Al Ain,0.0,3.0,0.13,1.54,0.04,2.05,4.0,1.0,3.0,18.0,1.98,0.05,8.0,22.0,1.0,3.0,0.0,0.0,0.0,13.0,72.0,84.0,1.0,7.0,0.0,1.0,3.0,2.0,46.0,54.0,0.05,1.98,Bet365,4.5,5.0,3.6,3.75,1.62,1.53,12.0,12.11111111111111,0.04,0.04,0.04,0.04,0.0,0.01,0.04,0.0,3.0,2.0000000000000004,1.2100000000000004,1.0900000000000003,1.02,0.12,0.07,2.05,1.0,18.0
4532530,143,7,2025-10-31,1761915600.0,17.0,4,True,Ended,8345,Baniyas,10880,Dibba Al Fujairah,2.0,2.0,1.17,1.42,0.32,1.64,1.0,0.0,9.0,12.0,1.13,1.04,14.0,10.0,3.0,4.0,0.0,0.0,9.0,8.0,82.0,95.0,2.0,3.0,3.0,1.0,2.0,3.0,43.0,57.0,1.04,1.13,Bet365,2.15,2.15,3.2,3.25,3.1,3.1,12.996527777777779,12.996527777777779,1.04,1.04,1.04,0.8699999999999999,0.0,0.79,0.33,0.0,9.0,1.2200000000000002,1.2200000000000002,1.2100000000000002,1.1,0.01,0.34,2.33,0.0,13.0
4532531,143,7,2025-10-31,1761925500.0,19.75,4,True,Ended,11134,Khor Fakkan,8346,Al Wasl,1.0,1.0,0.88,2.32,0.59,2.17,5.0,1.0,9.0,25.0,2.18,0.9,13.0,8.0,1.0,11.0,0.0,0.0,7.0,18.0,65.0,132.0,2.0,7.0,2.0,4.0,3.0,0.0,36.0,64.0,0.9,2.18,,,,,,,,13.0,13.0,0.9000000000000001,0.9000000000000001,0.9000000000000001,0.9000000000000001,0.0,0.4599999999999999,0.6000000000000001,0.0,9.0,2.17,2.17,1.8500000000000003,1.3800000000000003,0.3199999999999999,0.6500000000000001,2.17,0.0,25.0
4532533,143,7,2025-11-01,1762002000.0,17.0,5,True,Ended,8352,Al Dhafra,8355,Kalba,3.0,0.0,1.65,0.49,1.99,0.03,1.0,6.0,13.0,8.0,0.6,1.77,8.0,7.0,4.0,4.0,0.0,0.0,7.0,4.0,91.0,87.0,8.0,1.0,2.0,0.0,1.0,1.0,47.0,53.0,1.77,0.6,Bet365,2.88,2.5,3.7,3.6,2.05,2.3,14.996527777777779,14.885416666666666,1.7700000000000002,1.7700000000000002,1.6700000000000002,1.6700000000000002,0.1,0.09,1.98,0.0,13.0,0.6100000000000001,0.6100000000000001,0.56,0.37,0.05,0.0,0.03,0.0,9.0
4532534,143,7,2025-11-01,1762011900.0,19.75,5,True,Ended,8344,Jazira Abu Dhabi,57374,Al Bataeh,1.0,0.0,1.07,0.91,1.15,0.16,3.0,6.0,13.0,13.0,0.48,1.08,13.0,14.0,8.0,3.0,,,10.0,6.0,,,7.0,3.0,1.0,0.0,3.0,3.0,57.0,43.0,1.08,0.48,,,,,,,,14.11111111111111,15.11111111111111,1.0900000000000003,1.0900000000000003,1.0500000000000005,0.8800000000000001,0.04,0.43,1.14,0.0,13.0,0.4900000000000001,0.4900000000000001,0.4900000000000001,0.4600000000000001,0.0,0.2,0.16,0.0,13.0
4598134,143,8,2025-11-20,1763652600.0,19.5,3,True,Ended,11134,Khor Fakkan,8347,Shabab Al Ahly,0.0,1.0,0.71,1.17,0.48,1.59,5.0,1.0,3.0,22.0,1.91,0.64,13.0,8.0,2.0,11.0,0.0,0.0,3.0,17.0,34.0,70.0,1.0,6.0,1.0,0.0,2.0,2.0,31.0,69.0,0.64,1.91,Bet365,6.0,5.25,4.33,3.9,1.4,1.5,19.989583333333332,20.989583333333332,0.52,0.52,0.52,0.27,0.0,0.52,0.28,0.0,3.0,1.9100000000000008,1.9100000000000008,1.9100000000000008,1.6100000000000003,0.0,1.8000000000000007,1.59,0.0,22.0
4598133,143,8,2025-11-21,1763728800.0,16.666666666666668,4,True,Ended,10880,Dibba Al Fujairah,8350,Al-Wahda,1.0,1.0,0.14,2.7,0.95,2.77,12.0,1.0,7.0,33.0,1.8,1.17,13.0,10.0,0.0,11.0,0.0,0.0,6.0,17.0,69.0,125.0,2.0,13.0,2.0,1.0,1.0,2.0,30.0,70.0,1.17,1.8,Bet365,7.5,6.25,4.5,4.1,1.3,1.4,20.98611111111111,21.98611111111111,1.17,0.38,0.38,0.14,0.0,0.33,0.94,1.0,7.0,1.7800000000000007,1.7800000000000007,1.2900000000000005,1.0800000000000003,0.4899999999999999,1.6500000000000006,2.74,0.0,33.0
4598136,143,8,2025-11-21,1763728800.0,16.666666666666668,4,True,Ended,8349,Al Nasr Dubai,8352,Al Dhafra,2.0,0.0,1.11,0.99,1.0,0.32,4.0,3.0,13.0,14.0,0.84,2.47,13.0,11.0,3.0,5.0,0.0,2.0,8.0,8.0,0.0,0.0,5.0,4.0,4.0,1.0,0.0,2.0,56.0,44.0,2.47,0.84,Bet365,1.57,1.5,3.8,4.0,4.5,5.0,21.98611111111111,19.98611111111111,2.46,1.6700000000000002,1.4600000000000002,0.99,0.21,0.38,0.99,1.0,13.0,0.8300000000000001,0.8300000000000001,0.33,0.3,0.5,0.0,0.33,0.0,15.0
4598135,143,8,2025-11-21,1763739000.0,19.5,4,True,Ended,8351,Sharjah SC,8345,Baniyas,1.0,4.0,1.44,0.56,2.09,3.56,2.0,8.0,27.0,11.0,2.36,2.4,5.0,16.0,16.0,3.0,0.0,1.0,21.0,10.0,111.0,80.0,9.0,7.0,3.0,2.0,2.0,5.0,72.0,28.0,2.4,2.36,Bet365,1.55,1.48,3.7,4.0,5.0,5.25,21.989583333333332,21.104166666666668,2.46,1.6700000000000004,1.34,1.2500000000000002,0.33,0.02,2.0900000000000003,1.0,27.0,2.33,1.5399999999999998,1.5199999999999998,0.7,0.02,0.24,3.56,1.0,11.0
4598689,143,8,2025-11-22,1763815200.0,16.666666666666668,5,True,Ended,8346,Al Wasl,8652,Ajman Club,0.0,0.0,2.04,0.03,0.99,0.0,0.0,4.0,21.0,4.0,0.18,1.75,16.0,14.0,6.0,0.0,0.0,1.0,14.0,2.0,,,4.0,0.0,1.0,0.0,2.0,5.0,72.0,28.0,1.75,0.18,Bet365,1.42,1.28,4.2,4.75,5.75,8.0,21.87152777777778,22.87152777777778,1.8000000000000005,1.8000000000000005,1.6900000000000002,1.2700000000000002,0.11,1.8000000000000005,0.98,0.0,22.0,0.17,0.17,0.17,0.02,0.0,0.17,0.0,0.0,4.0
4598691,143,8,2025-11-22,1763815200.0,16.666666666666668,5,True,Ended,8355,Kalba,57374,Al Bataeh,1.0,3.0,0.13,1.73,0.12,2.5,4.0,2.0,5.0,15.0,1.49,0.28,9.0,13.0,3.0,3.0,1.0,0.0,2.0,9.0,41.0,71.0,2.0,7.0,1.0,2.0,2.0,2.0,34.0,66.0,0.28,1.49,Bet365,1.85,1.95,3.4,3.4,3.6,3.25,20.98611111111111,20.87152777777778,0.27,0.27,0.25,0.25,0.02,0.1699999999999999,0.12,0.0,5.0,1.5000000000000002,1.5000000000000002,1.4300000000000002,1.0100000000000002,0.07,0.6300000000000001,2.4800000000000004,0.0,16.0
4598690,143,8,2025-11-22,1763825400.0,19.5,5,True,Ended,8353,Al Ain,8344,Jazira Abu Dhabi,1.0,1.0,0.5,0.69,0.27,1.53,2.0,1.0,11.0,14.0,1.8,0.66,16.0,13.0,10.0,3.0,,,8.0,8.0,,,2.0,3.0,0.0,2.0,1.0,0.0,51.0,49.0,0.66,1.8,,,,,,,,22.989583333333332,20.989583333333332,0.6300000000000001,0.6300000000000001,0.42,0.42,0.21,0.42,0.27,0.0,11.0,1.8000000000000005,1.01,0.76,0.5800000000000001,0.25,0.69,1.53,1.0,14.0
4610183,143,9,2025-12-20,1766235000.0,16.833333333333332,5,True,Ended,8652,Ajman Club,10880,Dibba Al Fujairah,2.0,0.0,1.31,0.39,1.48,0.14,1.0,8.0,26.0,12.0,0.63,1.82,18.0,13.0,5.0,3.0,0.0,0.0,18.0,7.0,74.0,46.0,10.0,2.0,1.0,1.0,1.0,1.0,60.0,40.0,1.82,0.63,Bet365,1.55,1.73,3.7,3.4,5.25,4.2,28.006944444444443,29.006944444444443,1.8500000000000003,1.8500000000000003,1.81,0.95,0.04,1.5100000000000005,1.4700000000000002,0.0,26.0,0.6400000000000001,0.6400000000000001,0.5700000000000001,0.41,0.07,0.5800000000000001,0.14,0.0,12.0
4610184,143,9,2025-12-20,1766235000.0,16.833333333333332,5,True,Ended,8345,Baniyas,11134,Khor Fakkan,0.0,3.0,0.81,1.05,1.58,1.34,2.0,4.0,17.0,8.0,1.35,2.01,10.0,10.0,9.0,2.0,0.0,0.0,10.0,5.0,104.0,88.0,5.0,5.0,1.0,3.0,1.0,2.0,55.0,45.0,2.01,1.35,Bet365,2.2,2.38,3.4,3.25,2.62,2.6,28.88888888888889,29.88888888888889,2.0900000000000003,1.3000000000000005,1.2300000000000004,0.7800000000000001,0.07,0.26,1.59,1.0,18.0,1.3500000000000003,0.56,0.53,0.2299999999999999,0.03,0.0,1.3400000000000003,1.0,8.0
4610182,143,9,2025-12-20,1766244600.0,19.5,5,True,Ended,8353,Al Ain,8355,Kalba,2.0,0.0,0.67,0.41,1.34,0.1,2.0,1.0,10.0,11.0,0.49,1.32,13.0,8.0,4.0,3.0,0.0,0.0,6.0,5.0,110.0,92.0,3.0,2.0,3.0,0.0,2.0,1.0,59.0,41.0,1.32,0.49,Bet365,1.4,1.33,4.0,4.33,6.5,7.5,28.0,28.118055555555557,1.3200000000000005,1.3200000000000005,1.3200000000000005,1.2600000000000002,0.0,0.9,1.34,0.0,10.0,0.53,0.53,0.53,0.38,0.0,0.11,0.1,0.0,12.0
4610181,143,9,2025-12-21,1766321400.0,16.833333333333332,6,True,Ended,57374,Al Bataeh,8349,Al Nasr Dubai,2.0,3.0,0.52,1.78,0.87,1.68,5.0,1.0,10.0,16.0,1.84,1.06,7.0,7.0,5.0,8.0,1.0,0.0,8.0,11.0,35.0,63.0,3.0,9.0,1.0,5.0,0.0,3.0,31.0,69.0,1.06,1.84,Bet365,3.2,3.8,3.3,3.4,2.0,1.8,29.006944444444443,30.006944444444443,1.05,1.05,0.81,0.4999999999999999,0.24,0.4899999999999999,0.8799999999999999,0.0,10.0,1.8300000000000003,1.8300000000000003,1.6300000000000003,1.5100000000000002,0.2,1.63,1.6800000000000002,0.0,16.0
4610180,143,9,2025-12-21,1766331000.0,19.5,6,True,Ended,8344,Jazira Abu Dhabi,8352,Al Dhafra,4.0,2.0,0.89,0.36,3.2,1.43,0.0,1.0,15.0,6.0,0.37,1.47,8.0,11.0,7.0,4.0,0.0,0.0,7.0,3.0,48.0,51.0,5.0,2.0,4.0,1.0,0.0,1.0,58.0,42.0,1.47,0.37,Bet365,1.42,1.38,4.0,4.1,6.5,6.5,29.0,30.118055555555557,1.4500000000000002,1.4500000000000002,1.32,1.32,0.13,0.15,3.21,0.0,15.0,0.36,0.36,0.36,0.35,0.0,0.0,1.44,0.0,6.0
4610178,143,10,2025-12-28,1766926200.0,16.833333333333332,6,True,Ended,8350,Al-Wahda,11134,Khor Fakkan,1.0,0.0,0.92,0.83,1.3,0.04,2.0,5.0,14.0,6.0,0.62,1.76,11.0,15.0,3.0,1.0,0.0,0.0,10.0,2.0,29.0,29.0,6.0,2.0,1.0,1.0,1.0,1.0,44.0,56.0,1.76,0.62,Bet365,1.4,1.4,4.2,4.1,6.0,6.25,37.00694444444444,8.0,1.7800000000000002,0.99,0.79,0.77,0.2,0.0,1.29,1.0,14.0,0.63,0.63,0.6,0.56,0.03,0.04,0.04,0.0,6.0
4610179,143,10,2025-12-28,1766926200.0,16.833333333333332,6,True,Ended,10880,Dibba Al Fujairah,8346,Al Wasl,1.0,3.0,0.58,1.49,0.35,2.01,3.0,0.0,6.0,13.0,1.01,0.82,7.0,6.0,4.0,11.0,0.0,0.0,4.0,9.0,51.0,100.0,1.0,4.0,1.0,2.0,2.0,1.0,30.0,70.0,0.82,1.01,Bet365,6.25,6.5,4.33,4.1,1.38,1.4,8.0,36.00694444444444,0.82,0.82,0.82,0.82,0.0,0.5,0.29,0.0,6.0,1.0,1.0,1.0,0.98,0.0,0.8200000000000001,2.01,0.0,13.0
4610177,143,10,2025-12-28,1766936700.0,19.75,6,True,Ended,8349,Al Nasr Dubai,8353,Al Ain,2.0,2.0,0.66,3.33,1.61,3.49,7.0,4.0,13.0,23.0,3.1,1.48,10.0,13.0,6.0,5.0,0.0,0.0,8.0,14.0,44.0,55.0,6.0,9.0,2.0,8.0,1.0,2.0,54.0,46.0,1.48,3.1,Bet365,4.1,3.7,3.7,3.5,1.67,1.8,7.121527777777778,8.010416666666666,1.28,1.28,0.6200000000000001,0.3299999999999999,0.66,0.0999999999999999,1.51,0.0,13.0,3.1299999999999994,3.1299999999999994,3.05,2.68,0.08,1.0,3.48,0.0,23.0
4610176,143,10,2025-12-29,1767012600.0,16.833333333333332,0,True,Ended,8355,Kalba,8344,Jazira Abu Dhabi,1.0,1.0,1.04,1.42,0.73,0.34,4.0,1.0,14.0,9.0,1.13,0.95,14.0,13.0,7.0,4.0,0.0,1.0,8.0,4.0,34.0,60.0,2.0,5.0,2.0,2.0,3.0,1.0,32.0,68.0,0.95,1.13,Bet365,4.5,3.6,3.7,3.4,1.7,1.83,8.88888888888889,7.888888888888889,0.97,0.97,0.95,0.94,0.02,0.97,0.72,0.0,14.0,1.13,1.13,1.01,1.01,0.12,1.1,0.36,0.0,9.0
4610175,143,10,2025-12-29,1767023100.0,19.75,0,True,Ended,8352,Al Dhafra,8345,Baniyas,0.0,2.0,0.93,0.77,0.01,1.1,0.0,1.0,13.0,7.0,0.74,0.65,8.0,13.0,6.0,4.0,0.0,0.0,5.0,5.0,115.0,63.0,1.0,2.0,0.0,1.0,0.0,3.0,63.0,37.0,0.65,0.74,Bet365,2.45,1.85,3.4,3.7,2.38,3.2,8.010416666666666,9.121527777777779,0.74,0.74,0.6099999999999999,0.58,0.13,0.03,0.01,0.0,14.0,0.7300000000000001,0.7300000000000001,0.7200000000000001,0.5700000000000001,0.01,0.17,1.1,0.0,7.0
4610173,143,11,2026-01-02,1767358500.0,16.916666666666668,4,True,Ended,11134,Khor Fakkan,8352,Al Dhafra,2.0,3.0,1.42,0.87,1.32,0.95,0.0,3.0,14.0,8.0,0.64,1.86,12.0,11.0,5.0,3.0,0.0,0.0,9.0,7.0,97.0,87.0,6.0,2.0,2.0,0.0,1.0,0.0,63.0,37.0,1.86,0.64,Bet365,1.95,1.7,3.5,3.6,3.1,3.9,5.003472222222222,3.8819444444444446,1.8600000000000003,1.0700000000000005,1.0500000000000005,0.9000000000000001,0.02,0.8200000000000001,1.93,1.0,15.0,0.64,0.64,0.64,0.51,0.0,0.24,0.95,0.0,8.0
4610174,143,11,2026-01-02,1767358500.0,16.916666666666668,4,True,Ended,8346,Al Wasl,8350,Al-Wahda,1.0,0.0,0.24,0.56,1.03,0.31,3.0,1.0,2.0,10.0,0.58,0.97,16.0,16.0,4.0,6.0,0.0,0.0,1.0,5.0,86.0,121.0,2.0,3.0,1.0,1.0,2.0,2.0,51.0,49.0,0.97,0.58,Bet365,2.1,2.45,3.4,3.1,2.9,2.6,5.003472222222222,5.003472222222222,0.98,0.98,0.96,0.96,0.02,0.98,1.04,0.0,2.0,0.6400000000000001,0.6400000000000001,0.56,0.35,0.08,0.26,0.31,0.0,11.0
4610171,143,11,2026-01-02,1767368700.0,19.75,4,True,Ended,8353,Al Ain,8351,Sharjah SC,1.0,0.0,1.17,1.09,1.54,0.23,2.0,4.0,15.0,11.0,0.59,1.33,11.0,18.0,3.0,1.0,1.0,0.0,12.0,6.0,30.0,36.0,5.0,2.0,2.0,1.0,2.0,6.0,47.0,53.0,1.33,0.59,Bet365,1.85,1.44,3.3,4.1,3.6,5.75,5.0,42.010416666666664,1.3300000000000003,1.3300000000000003,1.2600000000000002,0.9300000000000002,0.07,1.3300000000000003,1.54,0.0,15.0,0.6400000000000001,0.6400000000000001,0.6100000000000001,0.5400000000000001,0.03,0.51,0.2299999999999999,0.0,13.0
4610172,143,11,2026-01-02,1767368700.0,19.75,4,True,Ended,8345,Baniyas,8349,Al Nasr Dubai,1.0,2.0,1.5,0.53,2.96,0.64,1.0,6.0,23.0,7.0,0.65,2.82,8.0,13.0,9.0,2.0,1.0,0.0,16.0,5.0,30.0,26.0,8.0,3.0,2.0,0.0,3.0,1.0,41.0,59.0,2.82,0.65,Bet365,3.8,3.6,3.7,3.5,1.7,1.8,4.0,5.0,2.97,2.18,2.18,1.7800000000000005,0.0,0.85,2.9600000000000004,1.0,23.0,0.6599999999999999,0.6599999999999999,0.6599999999999999,0.6599999999999999,0.0,0.41,0.64,0.0,7.0
4610169,143,11,2026-01-03,1767444900.0,16.916666666666668,5,True,Ended,8652,Ajman Club,8355,Kalba,0.0,1.0,1.35,0.78,0.33,0.27,1.0,4.0,12.0,13.0,0.99,0.76,14.0,16.0,8.0,4.0,2.0,0.0,7.0,8.0,89.0,84.0,4.0,2.0,1.0,2.0,2.0,3.0,53.0,47.0,0.76,0.99,Bet365,2.38,2.1,3.25,3.3,2.6,3.0,14.003472222222221,5.003472222222222,0.7700000000000001,0.7700000000000001,0.52,0.47,0.25,0.3,0.31,0.0,12.0,0.9900000000000002,0.9900000000000002,0.9300000000000002,0.6100000000000001,0.06,0.11,0.27,0.0,13.0
4610170,143,11,2026-01-03,1767444900.0,16.916666666666668,5,True,Ended,57374,Al Bataeh,10880,Dibba Al Fujairah,0.0,1.0,1.54,0.54,0.1,1.03,2.0,2.0,14.0,9.0,1.19,0.74,13.0,14.0,10.0,1.0,0.0,0.0,9.0,6.0,122.0,88.0,2.0,3.0,0.0,1.0,1.0,1.0,67.0,33.0,0.74,1.19,Bet365,1.73,2.0,3.5,3.3,4.0,3.2,13.003472222222221,6.003472222222222,0.7300000000000002,0.7300000000000002,0.7300000000000002,0.7200000000000002,0.0,0.17,0.1,0.0,14.0,1.2000000000000002,1.2000000000000002,1.2000000000000002,1.2000000000000002,0.0,1.08,1.03,0.0,9.0
4610168,143,11,2026-01-03,1767455100.0,19.75,5,True,Ended,8344,Jazira Abu Dhabi,8347,Shabab Al Ahly,0.0,3.0,0.34,0.64,0.07,2.72,4.0,2.0,5.0,15.0,1.86,0.2,12.0,11.0,1.0,1.0,0.0,0.0,3.0,10.0,88.0,109.0,2.0,7.0,0.0,5.0,4.0,2.0,45.0,55.0,0.2,1.86,Bet365,4.5,2.75,3.6,3.0,1.65,2.4,5.121527777777778,44.010416666666664,0.19,0.19,0.19,0.19,0.0,0.02,0.0699999999999999,0.0,5.0,2.0900000000000003,2.0900000000000003,2.0900000000000003,1.13,0.0,1.21,2.72,0.0,15.0
4610166,143,12,2026-01-06,1767704400.0,17.0,1,True,Ended,8349,Al Nasr Dubai,8351,Sharjah SC,2.0,4.0,0.18,2.18,1.04,4.05,8.0,1.0,5.0,27.0,3.44,1.16,11.0,12.0,1.0,7.0,0.0,0.0,5.0,16.0,78.0,103.0,3.0,12.0,1.0,4.0,1.0,2.0,50.0,50.0,1.16,3.44,Bet365,3.25,2.3,3.4,3.25,1.91,2.62,3.8854166666666665,3.8854166666666665,1.2300000000000002,0.44,0.44,0.44,0.0,0.18,1.04,1.0,6.0,3.43,3.43,3.36,3.15,0.07,1.1700000000000002,4.03,0.0,27.0
4610167,143,12,2026-01-06,1767714300.0,19.75,1,True,Ended,8350,Al-Wahda,8345,Baniyas,3.0,0.0,1.36,0.69,1.54,0.05,1.0,3.0,13.0,10.0,0.46,1.32,9.0,12.0,1.0,2.0,0.0,0.0,6.0,4.0,20.0,13.0,6.0,1.0,4.0,0.0,1.0,2.0,58.0,42.0,1.32,0.46,Bet365,1.53,1.4,3.8,4.1,5.0,6.25,4.118055555555555,4.0,1.33,1.33,1.29,1.1700000000000002,0.04,0.41,1.53,0.0,13.0,0.45,0.45,0.45,0.42,0.0,0.0,0.05,0.0,10.0
4610165,143,12,2026-01-07,1767790800.0,17.0,2,True,Ended,8355,Kalba,8346,Al Wasl,2.0,2.0,0.34,1.4,1.67,1.06,2.0,2.0,13.0,14.0,1.2,2.07,11.0,10.0,5.0,6.0,0.0,0.0,8.0,10.0,59.0,76.0,4.0,4.0,2.0,0.0,1.0,2.0,36.0,64.0,2.07,1.2,Bet365,4.5,4.33,3.8,3.8,1.57,1.62,4.003472222222222,5.003472222222222,2.0700000000000003,1.28,0.29,0.22,0.99,0.2299999999999999,1.66,1.0,13.0,1.2800000000000002,1.2800000000000002,1.2800000000000002,0.8500000000000001,0.0,1.2400000000000002,1.1800000000000002,0.0,15.0
4610164,143,12,2026-01-07,1767800700.0,19.75,2,True,Ended,57374,Al Bataeh,8347,Shabab Al Ahly,0.0,4.0,0.73,0.77,0.32,2.58,2.0,3.0,10.0,11.0,2.05,1.19,13.0,6.0,1.0,3.0,0.0,0.0,6.0,9.0,32.0,50.0,4.0,6.0,2.0,4.0,1.0,0.0,44.0,56.0,1.19,2.05,Bet365,6.25,6.25,4.33,4.2,1.38,1.4,4.118055555555555,4.0,1.1900000000000002,1.1900000000000002,1.15,1.14,0.04,0.0,0.32,0.0,10.0,2.11,2.11,2.11,1.09,0.0,0.5900000000000001,2.58,0.0,11.0
4610162,143,12,2026-01-08,1767877200.0,17.0,3,True,Ended,10880,Dibba Al Fujairah,11134,Khor Fakkan,1.0,0.0,0.41,0.88,1.0,1.21,5.0,3.0,14.0,13.0,1.31,0.72,7.0,15.0,3.0,6.0,0.0,0.0,5.0,8.0,87.0,96.0,4.0,5.0,1.0,2.0,3.0,3.0,44.0,56.0,0.72,1.31,Bet365,2.7,3.0,3.4,3.4,2.3,2.05,5.003472222222222,6.003472222222222,0.7000000000000001,0.7000000000000001,0.62,0.61,0.0799999999999999,0.48,1.0,0.0,14.0,1.3,0.51,0.42,0.41,0.09,0.23,1.21,1.0,13.0
4610163,143,12,2026-01-08,1767877200.0,17.0,3,True,Ended,8344,Jazira Abu Dhabi,8652,Ajman Club,3.0,0.0,1.26,0.75,1.75,0.45,2.0,5.0,15.0,12.0,0.83,1.29,11.0,15.0,6.0,6.0,0.0,0.0,9.0,8.0,46.0,58.0,8.0,2.0,0.0,0.0,1.0,1.0,56.0,44.0,1.29,0.83,Bet365,1.8,1.73,3.5,3.5,3.8,4.0,4.885416666666667,5.003472222222222,1.29,1.29,1.26,1.04,0.03,0.26,1.76,0.0,15.0,0.8400000000000002,0.8400000000000002,0.7600000000000001,0.7600000000000001,0.08,0.12,0.46,0.0,12.0
4610161,143,12,2026-01-08,1767887100.0,19.75,3,True,Ended,8352,Al Dhafra,8353,Al Ain,1.0,2.0,0.21,1.38,0.94,1.57,3.0,0.0,5.0,22.0,1.94,1.02,13.0,12.0,3.0,7.0,0.0,0.0,4.0,14.0,11.0,12.0,1.0,5.0,1.0,4.0,1.0,0.0,35.0,65.0,1.02,1.94,Bet365,6.25,6.5,4.2,4.33,1.4,1.36,6.118055555555555,6.0,1.02,0.23,0.22,0.22,0.01,0.18,0.94,1.0,5.0,2.02,2.02,1.83,1.4,0.19,0.96,1.64,0.0,23.0
4610160,143,9,2026-01-10,1768059900.0,19.75,5,True,Ended,8350,Al-Wahda,8351,Sharjah SC,1.0,1.0,0.58,0.41,0.94,0.58,0.0,3.0,8.0,4.0,0.16,0.66,8.0,21.0,1.0,1.0,0.0,0.0,7.0,1.0,87.0,88.0,4.0,1.0,1.0,0.0,4.0,3.0,54.0,46.0,0.66,0.16,Bet365,2.05,2.2,3.3,3.2,3.1,2.9,4.0,4.114583333333333,0.6699999999999999,0.6699999999999999,0.6299999999999999,0.44,0.04,0.51,0.95,0.0,8.0,0.15,0.15,0.15,0.15,0.0,0.15,0.58,0.0,4.0
4610159,143,9,2026-01-11,1768146300.0,19.75,6,True,Ended,8347,Shabab Al Ahly,8346,Al Wasl,3.0,1.0,0.95,1.32,1.67,1.75,3.0,5.0,15.0,16.0,2.15,1.58,11.0,16.0,7.0,8.0,0.0,0.0,9.0,13.0,59.0,31.0,8.0,5.0,2.0,2.0,3.0,1.0,46.0,54.0,1.58,2.15,Bet365,2.0,2.05,3.2,3.3,3.2,3.1,4.0,4.114583333333333,1.5900000000000003,1.5900000000000003,1.2300000000000002,1.09,0.36,0.74,1.6800000000000002,0.0,15.0,2.1899999999999995,1.4000000000000004,1.3800000000000003,0.6300000000000001,0.02,1.11,1.75,1.0,16.0
4610158,143,10,2026-01-14,1768405500.0,19.75,2,True,Ended,8351,Sharjah SC,57374,Al Bataeh,0.0,2.0,1.1,0.1,0.0,1.03,1.0,0.0,12.0,7.0,0.46,0.87,12.0,15.0,6.0,1.0,0.0,0.0,5.0,1.0,76.0,30.0,1.0,3.0,1.0,1.0,3.0,4.0,74.0,26.0,0.87,0.46,Bet365,1.42,1.53,4.1,3.8,6.25,5.0,4.0,7.0,0.8600000000000002,0.8600000000000002,0.8100000000000002,0.8100000000000002,0.05,0.53,0.0,0.0,12.0,0.45,0.45,0.45,0.42,0.0,0.05,1.03,0.0,7.0
4610155,143,10,2026-01-15,1768491900.0,19.75,3,True,Ended,8347,Shabab Al Ahly,8652,Ajman Club,3.0,1.0,2.18,0.51,2.34,0.8,2.0,3.0,16.0,8.0,0.73,2.3,19.0,20.0,6.0,2.0,0.0,0.0,13.0,4.0,91.0,78.0,6.0,3.0,3.0,2.0,2.0,3.0,62.0,38.0,2.3,0.73,Bet365,1.27,1.3,5.25,5.0,7.5,7.0,4.0,7.114583333333333,2.33,2.33,2.32,1.6600000000000004,0.01,0.16,2.33,0.0,16.0,0.77,0.77,0.77,0.5900000000000001,0.0,0.33,0.81,0.0,9.0
4610156,143,13,2026-01-17,1768655100.0,17.083333333333332,5,True,Ended,11134,Khor Fakkan,8349,Al Nasr Dubai,0.0,0.0,0.39,0.73,1.16,0.33,3.0,7.0,12.0,13.0,1.0,0.99,8.0,15.0,2.0,1.0,0.0,0.0,6.0,8.0,57.0,115.0,7.0,3.0,4.0,2.0,1.0,2.0,32.0,68.0,0.99,1.0,Bet365,2.9,3.0,3.5,3.4,2.05,2.0,9.003472222222221,11.003472222222221,0.98,0.98,0.9,0.73,0.08,0.98,1.15,0.0,12.0,1.0,1.0,1.0,0.78,0.0,1.0,0.33,0.0,13.0
4610157,143,13,2026-01-17,1768655100.0,17.083333333333332,5,True,Ended,8346,Al Wasl,8344,Jazira Abu Dhabi,1.0,0.0,1.01,0.61,0.51,0.61,2.0,1.0,14.0,5.0,0.3,1.0,14.0,13.0,6.0,1.0,0.0,0.0,7.0,2.0,97.0,72.0,2.0,2.0,0.0,0.0,2.0,6.0,55.0,45.0,1.0,0.3,Bet365,1.8,1.9,3.5,3.3,3.6,3.4,5.888888888888889,9.003472222222221,1.0100000000000002,1.0100000000000002,0.8300000000000001,0.8300000000000001,0.18,1.0100000000000002,0.51,0.0,14.0,0.29,0.29,0.21,0.21,0.08,0.29,0.61,0.0,5.0
4610153,143,13,2026-01-17,1768664700.0,19.75,5,True,Ended,8353,Al Ain,8350,Al-Wahda,2.0,2.0,1.07,0.74,0.84,1.7,2.0,2.0,15.0,7.0,1.12,1.26,13.0,11.0,8.0,3.0,0.0,2.0,10.0,5.0,46.0,45.0,4.0,4.0,2.0,2.0,4.0,1.0,61.0,39.0,1.26,1.12,Bet365,1.67,1.95,3.7,3.5,4.1,3.25,9.0,7.0,1.35,1.35,1.3,1.3,0.05,1.15,0.8300000000000001,0.0,16.0,1.0200000000000002,0.23,0.19,0.17,0.04,0.15,1.6900000000000002,1.0,7.0
4610150,143,13,2026-01-18,1768741500.0,17.083333333333332,6,True,Ended,8345,Baniyas,57374,Al Bataeh,1.0,1.0,0.64,1.0,1.16,1.2,3.0,3.0,9.0,12.0,1.31,0.74,17.0,11.0,5.0,13.0,0.0,1.0,5.0,6.0,68.0,110.0,4.0,4.0,1.0,1.0,2.0,2.0,44.0,56.0,0.74,1.31,Bet365,2.1,2.3,3.4,3.4,2.9,2.62,11.88888888888889,3.888888888888889,0.7500000000000001,0.7500000000000001,0.67,0.4700000000000001,0.08,0.52,1.16,0.0,9.0,1.33,1.33,1.25,0.53,0.08,0.15,1.19,0.0,12.0
4610154,143,13,2026-01-18,1768751100.0,19.75,6,True,Ended,8351,Sharjah SC,8355,Kalba,3.0,1.0,0.92,1.38,2.29,0.7,0.0,1.0,10.0,16.0,1.08,1.16,11.0,12.0,3.0,7.0,0.0,0.0,7.0,10.0,85.0,101.0,4.0,2.0,1.0,2.0,2.0,2.0,52.0,48.0,1.16,1.08,Bet365,1.8,1.75,3.3,3.4,3.9,4.1,4.0,11.114583333333334,1.1700000000000002,1.1700000000000002,1.1700000000000002,1.1,0.0,0.4000000000000001,2.29,0.0,11.0,1.08,1.08,0.89,0.81,0.19,0.27,0.7,0.0,16.0
4610152,143,13,2026-01-19,1768827900.0,17.083333333333332,0,True,Ended,8652,Ajman Club,8352,Al Dhafra,1.0,1.0,1.13,0.49,0.38,0.31,1.0,3.0,16.0,8.0,0.43,1.22,16.0,10.0,5.0,4.0,0.0,0.0,12.0,4.0,88.0,98.0,4.0,2.0,1.0,1.0,1.0,0.0,43.0,57.0,1.22,0.43,Bet365,2.0,2.1,3.4,3.25,3.0,3.0,3.888888888888889,10.88888888888889,1.2200000000000002,1.2200000000000002,1.2200000000000002,1.04,0.0,0.72,0.38,0.0,16.0,0.49,0.49,0.49,0.44,0.0,0.19,0.6500000000000001,0.0,10.0
4610151,143,13,2026-01-19,1768837500.0,19.75,0,True,Ended,8347,Shabab Al Ahly,10880,Dibba Al Fujairah,7.0,0.0,3.45,0.01,4.49,0.0,0.0,4.0,35.0,0.0,0.0,4.82,8.0,9.0,4.0,0.0,0.0,2.0,19.0,0.0,32.0,13.0,12.0,0.0,5.0,0.0,2.0,2.0,73.0,27.0,4.82,0.0,Bet365,1.27,1.25,5.0,5.25,9.5,10.0,4.0,11.114583333333334,4.989999999999998,4.200000000000001,4.0200000000000005,2.49,0.18,0.79,4.48,1.0,35.0,0.0,0.0,0.0,0.0,0.0,0.0,0.0,0.0,0.0
4645141,143,14,2026-01-27,1769519700.0,17.25,1,True,Ended,8355,Kalba,8353,Al Ain,1.0,3.0,0.32,1.55,0.85,0.75,3.0,1.0,10.0,18.0,1.91,0.69,10.0,13.0,2.0,4.0,1.0,0.0,7.0,13.0,57.0,126.0,2.0,6.0,1.0,4.0,2.0,1.0,35.0,65.0,0.69,1.91,Bet365,7.0,5.5,4.0,3.9,1.4,1.48,8.895833333333334,9.895833333333334,0.7,0.7,0.55,0.32,0.15,0.29,0.85,0.0,10.0,2.26,2.26,1.9700000000000009,1.9700000000000009,0.29,0.4700000000000001,0.77,0.0,20.0
4645140,143,14,2026-01-27,1769529600.0,20.0,1,True,Ended,8350,Al-Wahda,10880,Dibba Al Fujairah,1.0,0.0,2.12,0.73,1.53,0.16,2.0,5.0,23.0,8.0,0.73,1.95,14.0,18.0,5.0,1.0,0.0,0.0,12.0,4.0,167.0,73.0,6.0,2.0,5.0,1.0,2.0,1.0,69.0,31.0,1.95,0.73,Bet365,1.22,1.22,5.25,5.25,9.5,10.0,10.010416666666666,8.010416666666666,1.95,1.95,1.84,1.6500000000000004,0.11,1.3800000000000003,1.54,0.0,23.0,0.7200000000000001,0.7200000000000001,0.52,0.44,0.2,0.7200000000000001,0.1699999999999999,0.0,8.0
4645135,143,14,2026-01-28,1769606100.0,17.25,2,True,Ended,8652,Ajman Club,8347,Shabab Al Ahly,0.0,1.0,0.99,0.55,0.06,0.16,0.0,2.0,8.0,8.0,0.54,0.56,16.0,15.0,3.0,8.0,0.0,0.0,7.0,5.0,93.0,114.0,2.0,1.0,0.0,0.0,2.0,2.0,40.0,60.0,0.56,0.54,Bet365,6.5,6.5,4.2,4.2,1.36,1.38,9.006944444444445,8.895833333333334,0.6300000000000001,0.6300000000000001,0.53,0.53,0.1,0.03,0.05,0.0,9.0,0.54,0.54,0.54,0.54,0.0,0.12,0.16,0.0,8.0
4645138,143,14,2026-01-28,1769606100.0,17.25,2,True,Ended,8352,Al Dhafra,8351,Sharjah SC,0.0,2.0,0.94,1.62,1.05,2.41,8.0,6.0,13.0,22.0,4.58,1.11,13.0,13.0,3.0,6.0,0.0,0.0,8.0,13.0,11.0,11.0,6.0,10.0,1.0,8.0,1.0,4.0,54.0,46.0,1.11,4.58,Bet365,4.1,3.9,3.3,3.5,1.75,1.75,9.006944444444445,9.895833333333334,1.1,1.1,0.96,0.79,0.14,1.0,1.04,0.0,13.0,4.569999999999999,3.78,3.72,3.6100000000000008,0.06,3.1,2.4200000000000004,1.0,22.0
4645136,143,14,2026-01-28,1769616000.0,20.0,2,True,Ended,8346,Al Wasl,11134,Khor Fakkan,0.0,1.0,1.36,0.54,1.01,0.69,4.0,5.0,23.0,12.0,0.78,1.35,9.0,12.0,16.0,3.0,0.0,0.0,13.0,9.0,57.0,39.0,5.0,4.0,0.0,1.0,1.0,3.0,64.0,36.0,1.35,0.78,Bet365,1.42,1.4,4.1,4.2,6.0,6.5,11.121527777777779,11.121527777777779,1.3600000000000003,1.3600000000000003,1.0300000000000002,1.0000000000000002,0.3299999999999999,0.14,1.01,0.0,23.0,0.78,0.78,0.78,0.27,0.0,0.65,0.69,0.0,12.0
4645139,143,14,2026-01-29,1769692500.0,17.25,3,True,Ended,57374,Al Bataeh,8344,Jazira Abu Dhabi,1.0,1.0,0.39,1.82,0.84,1.16,2.0,2.0,15.0,12.0,1.11,0.7,17.0,11.0,7.0,7.0,0.0,0.0,6.0,6.0,31.0,56.0,3.0,2.0,0.0,2.0,5.0,3.0,33.0,67.0,0.7,1.11,Bet365,4.2,4.2,3.5,3.6,1.67,1.67,11.006944444444445,12.006944444444445,0.72,0.72,0.63,0.61,0.09,0.48,0.8400000000000001,0.0,15.0,1.11,1.11,0.88,0.88,0.2299999999999999,0.47,1.16,0.0,12.0
4645137,143,14,2026-01-29,1769702400.0,20.0,3,True,Ended,8349,Al Nasr Dubai,8345,Baniyas,0.0,2.0,0.82,0.98,0.53,1.67,5.0,3.0,11.0,12.0,2.1,0.6,9.0,11.0,6.0,5.0,0.0,0.0,8.0,8.0,144.0,71.0,3.0,7.0,0.0,4.0,0.0,0.0,64.0,36.0,0.6,2.1,Bet365,1.91,1.7,3.3,3.6,3.5,4.1,12.121527777777779,11.121527777777779,0.5900000000000001,0.5900000000000001,0.5900000000000001,0.4399999999999999,0.0,0.22,0.53,0.0,11.0,2.1,1.31,1.29,0.35,0.02,0.64,1.66,1.0,12.0
4650121,143,15,2026-02-05,1770297900.0,17.416666666666668,3,True,Ended,8350,Al-Wahda,57374,Al Bataeh,2.0,2.0,0.91,0.55,1.61,1.01,0.0,5.0,20.0,3.0,0.58,1.15,8.0,19.0,12.0,0.0,0.0,0.0,14.0,3.0,49.0,35.0,7.0,2.0,0.0,2.0,1.0,2.0,70.0,30.0,1.15,0.58,Bet365,1.5,1.4,3.75,4.0,5.5,6.5,8.89236111111111,7.006944444444445,1.1700000000000004,1.1700000000000004,1.0,0.8600000000000001,0.17,0.8200000000000002,1.61,0.0,21.0,0.73,0.73,0.73,0.73,0.0,0.52,0.8200000000000001,0.0,3.0
4650122,143,15,2026-02-05,1770297900.0,17.416666666666668,3,True,Ended,8349,Al Nasr Dubai,8346,Al Wasl,1.0,1.0,0.93,1.05,1.23,1.01,2.0,2.0,13.0,9.0,0.96,1.14,15.0,8.0,7.0,3.0,0.0,0.0,8.0,5.0,82.0,87.0,3.0,3.0,2.0,1.0,3.0,2.0,40.0,60.0,1.14,0.96,Bet365,4.5,4.1,3.9,3.6,1.57,1.67,6.892361111111111,7.892361111111111,1.15,1.15,1.06,0.92,0.09,0.76,1.23,0.0,13.0,0.95,0.95,0.8600000000000001,0.7000000000000001,0.09,0.67,1.01,0.0,9.0
4650123,143,15,2026-02-05,1770307200.0,20.0,3,True,Ended,8351,Sharjah SC,8347,Shabab Al Ahly,1.0,4.0,0.62,1.59,0.36,3.1,2.0,1.0,8.0,15.0,2.38,0.56,13.0,23.0,3.0,2.0,1.0,0.0,2.0,10.0,61.0,99.0,2.0,7.0,1.0,5.0,1.0,3.0,40.0,60.0,0.56,2.38,Bet365,3.5,3.6,3.5,3.4,1.83,1.85,8.114583333333334,8.114583333333334,0.5,0.5,0.37,0.37,0.13,0.01,0.36,0.0,8.0,2.3800000000000003,1.5900000000000003,1.2300000000000002,1.15,0.36,1.0200000000000002,3.1,1.0,15.0
4650120,143,15,2026-02-06,1770384300.0,17.416666666666668,4,True,Ended,8352,Al Dhafra,11134,Khor Fakkan,2.0,3.0,1.02,0.3,2.59,2.31,1.0,1.0,8.0,16.0,2.29,2.39,11.0,15.0,8.0,1.0,0.0,0.0,7.0,10.0,76.0,69.0,3.0,4.0,4.0,3.0,3.0,4.0,61.0,39.0,2.39,2.29,Bet365,2.38,2.3,3.5,3.6,2.5,2.5,9.006944444444445,8.89236111111111,2.39,0.81,0.78,0.71,0.03,0.0,2.59,2.0,8.0,2.3000000000000007,0.7200000000000001,0.3499999999999999,0.17,0.37,0.19,2.31,2.0,16.0
4650119,143,15,2026-02-06,1770393600.0,20.0,4,True,Ended,8344,Jazira Abu Dhabi,8353,Al Ain,0.0,1.0,0.44,1.62,0.69,1.25,2.0,2.0,8.0,20.0,1.51,0.41,17.0,15.0,6.0,6.0,0.0,0.0,6.0,13.0,79.0,108.0,2.0,3.0,0.0,2.0,5.0,2.0,44.0,56.0,0.41,1.51,Bet365,4.5,3.6,3.7,3.4,1.6,1.83,8.114583333333334,10.114583333333334,0.41,0.41,0.41,0.41,0.0,0.41,0.69,0.0,8.0,1.5300000000000005,1.5300000000000005,1.5000000000000002,1.1900000000000004,0.03,1.4900000000000004,1.26,0.0,20.0
4650118,143,15,2026-02-07,1770470700.0,17.416666666666668,5,True,Ended,10880,Dibba Al Fujairah,8345,Baniyas,2.0,1.0,0.52,2.83,0.81,1.11,2.0,3.0,11.0,22.0,2.71,1.1,9.0,12.0,4.0,9.0,0.0,0.0,6.0,16.0,47.0,78.0,5.0,3.0,2.0,1.0,2.0,3.0,29.0,71.0,1.1,2.71,Bet365,3.3,2.6,3.3,3.2,1.95,2.38,10.89236111111111,8.89236111111111,1.1,1.1,1.05,0.8399999999999999,0.05,0.28,0.8,0.0,11.0,2.72,2.72,2.56,2.29,0.16,0.22,1.1,0.0,22.0
4650116,143,15,2026-02-07,1770480000.0,20.0,5,True,Ended,8355,Kalba,8652,Ajman Club,1.0,3.0,0.56,0.99,0.15,2.69,8.0,1.0,8.0,28.0,2.16,0.3,13.0,12.0,2.0,6.0,0.0,0.0,3.0,17.0,85.0,100.0,2.0,11.0,0.0,3.0,4.0,3.0,52.0,48.0,0.3,2.16,Bet365,2.5,2.3,3.2,3.2,2.5,2.7,11.114583333333334,10.114583333333334,0.3,0.3,0.3,0.3,0.0,0.07,0.15,0.0,8.0,2.3000000000000003,2.3000000000000003,2.1300000000000003,1.38,0.17,1.2,2.68,0.0,28.0
4650117,143,16,2026-02-13,1770989400.0,17.5,4,True,Ended,57374,Al Bataeh,8352,Al Dhafra,1.0,1.0,0.4,0.59,0.93,1.47,2.0,2.0,14.0,9.0,1.76,1.42,8.0,14.0,6.0,3.0,0.0,0.0,6.0,4.0,31.0,17.0,3.0,3.0,2.0,1.0,2.0,3.0,59.0,41.0,1.42,1.76,Bet365,2.2,2.15,3.4,3.3,2.75,2.88,8.003472222222221,7.003472222222222,1.5000000000000002,0.71,0.4700000000000001,0.4700000000000001,0.24,0.4600000000000001,0.93,1.0,15.0,1.75,0.96,0.89,0.89,0.07,0.25,1.47,1.0,9.0
4650115,143,16,2026-02-13,1770998400.0,20.0,4,True,Ended,8344,Jazira Abu Dhabi,8355,Kalba,2.0,1.0,1.4,0.23,2.04,0.3,1.0,8.0,25.0,8.0,0.35,2.18,13.0,13.0,7.0,1.0,1.0,0.0,20.0,3.0,31.0,22.0,10.0,2.0,0.0,1.0,4.0,2.0,61.0,39.0,2.18,0.35,Bet365,1.5,1.62,3.9,3.6,5.25,4.5,7.0,6.0,2.2400000000000007,2.2400000000000007,2.2400000000000007,2.140000000000001,0.0,1.2599999999999998,2.03,0.0,25.0,0.37,0.37,0.26,0.24,0.11,0.26,0.3,0.0,8.0
4650114,143,16,2026-02-14,1771075800.0,17.5,5,True,Ended,11134,Khor Fakkan,8652,Ajman Club,2.0,5.0,1.04,0.65,0.85,1.93,5.0,0.0,12.0,14.0,0.73,0.63,12.0,13.0,7.0,1.0,0.0,0.0,6.0,8.0,90.0,72.0,2.0,10.0,2.0,4.0,2.0,0.0,53.0,47.0,0.63,0.73,Bet365,3.0,2.6,3.3,3.25,2.05,2.3,8.003472222222221,6.895833333333333,0.81,0.81,0.77,0.73,0.04,0.15,1.01,0.0,13.0,0.77,0.77,0.76,0.7100000000000001,0.01,0.07,1.93,0.0,14.0
4650112,143,16,2026-02-14,1771084800.0,20.0,5,True,Ended,8353,Al Ain,8349,Al Nasr Dubai,1.0,1.0,1.02,0.56,2.55,1.43,3.0,4.0,13.0,13.0,1.7,1.04,18.0,11.0,9.0,7.0,2.0,0.0,8.0,6.0,73.0,66.0,5.0,4.0,1.0,3.0,1.0,4.0,51.0,49.0,1.04,1.7,Bet365,1.3,1.44,4.5,3.9,7.5,5.75,8.0,9.10763888888889,1.1,1.1,0.8499999999999999,0.6200000000000001,0.25,0.49,2.43,0.0,13.0,1.93,1.93,1.8900000000000003,0.81,0.04,1.86,1.42,0.0,14.0
4650110,143,17,2026-02-20,1771608600.0,21.5,4,True,Ended,8652,Ajman Club,8351,Sharjah SC,3.0,2.0,1.29,0.78,1.06,1.12,2.0,4.0,18.0,16.0,1.72,1.48,18.0,7.0,7.0,9.0,0.0,0.0,9.0,5.0,14.0,19.0,7.0,4.0,1.0,1.0,1.0,2.0,49.0,51.0,1.48,1.72,Bet365,2.9,2.6,3.3,3.2,2.15,2.4,6.166666666666667,15.0625,1.4800000000000002,1.4800000000000002,1.39,1.2900000000000005,0.09,1.08,1.07,0.0,18.0,1.7100000000000002,0.9200000000000002,0.7100000000000002,0.6900000000000002,0.21,0.27,1.12,1.0,16.0
4650111,143,17,2026-02-20,1771608600.0,21.5,4,True,Ended,8352,Al Dhafra,8347,Shabab Al Ahly,0.0,5.0,0.7,1.47,0.0,4.5,4.0,0.0,3.0,22.0,3.34,0.22,14.0,17.0,2.0,6.0,0.0,0.0,2.0,12.0,4.0,27.0,0.0,9.0,0.0,4.0,3.0,1.0,38.0,62.0,0.22,3.34,Bet365,6.5,7.5,3.9,4.0,1.4,1.36,7.166666666666667,15.0625,0.35,0.35,0.35,0.21,0.0,0.0,0.0,0.0,3.0,3.5400000000000005,2.750000000000001,2.520000000000001,2.520000000000001,0.2299999999999999,0.73,4.930000000000001,1.0,23.0
4650113,143,17,2026-02-20,1771608600.0,21.5,4,True,Ended,8350,Al-Wahda,8344,Jazira Abu Dhabi,1.0,2.0,0.78,0.36,1.51,1.53,1.0,1.0,14.0,9.0,0.74,1.43,16.0,21.0,7.0,4.0,0.0,0.0,7.0,4.0,16.0,17.0,2.0,3.0,1.0,1.0,1.0,4.0,57.0,43.0,1.43,0.74,Bet365,2.1,1.91,3.4,3.5,3.0,3.3,15.17013888888889,7.0625,1.4300000000000002,0.6400000000000001,0.55,0.37,0.09,0.36,1.52,1.0,14.0,0.7400000000000001,0.7400000000000001,0.7400000000000001,0.7000000000000001,0.0,0.51,1.5299999999999998,0.0,9.0
4650107,143,17,2026-02-21,1771695000.0,21.5,5,True,Ended,8346,Al Wasl,57374,Al Bataeh,1.0,0.0,1.0,0.82,0.62,0.15,2.0,3.0,17.0,11.0,0.85,1.51,8.0,9.0,12.0,4.0,1.0,1.0,10.0,6.0,73.0,44.0,4.0,2.0,0.0,0.0,3.0,0.0,60.0,40.0,1.51,0.85,Bet365,1.4,1.5,4.1,3.8,7.0,5.5,16.17013888888889,8.166666666666666,1.5100000000000002,1.5100000000000002,1.2000000000000002,1.09,0.31,0.46,0.6200000000000001,0.0,17.0,0.9400000000000004,0.9400000000000004,0.9400000000000004,0.6900000000000002,0.0,0.0,0.15,0.0,13.0
4650109,143,17,2026-02-21,1771695000.0,21.5,5,True,Ended,8355,Kalba,10880,Dibba Al Fujairah,2.0,1.0,1.26,0.57,1.55,0.78,1.0,3.0,17.0,12.0,0.58,1.84,8.0,10.0,6.0,3.0,0.0,0.0,13.0,6.0,210.0,148.0,5.0,2.0,2.0,0.0,1.0,6.0,63.0,37.0,1.84,0.58,Bet365,1.95,1.83,3.3,3.4,3.3,3.6,8.0625,14.17013888888889,1.84,1.05,0.8300000000000001,0.51,0.22,0.9300000000000002,1.56,1.0,17.0,0.6100000000000001,0.6100000000000001,0.6100000000000001,0.5100000000000001,0.0,0.41,0.79,0.0,12.0
4650106,143,17,2026-02-22,1771781400.0,21.5,6,True,Ended,8345,Baniyas,8353,Al Ain,2.0,3.0,0.11,1.75,1.12,2.35,2.0,0.0,4.0,19.0,2.45,0.51,12.0,9.0,1.0,6.0,1.0,0.0,3.0,13.0,27.0,50.0,2.0,5.0,1.0,2.0,3.0,4.0,36.0,64.0,0.51,2.45,Bet365,5.75,9.0,4.0,5.0,1.45,1.25,15.17013888888889,8.0625,0.49,0.49,0.23,0.23,0.26,0.23,1.1800000000000002,0.0,4.0,2.47,1.6800000000000002,1.6800000000000002,1.67,0.0,1.33,2.35,1.0,19.0
4650108,143,17,2026-02-22,1771781400.0,21.5,6,True,Ended,8349,Al Nasr Dubai,11134,Khor Fakkan,2.0,2.0,1.66,0.66,2.11,1.29,1.0,2.0,9.0,11.0,1.17,2.29,9.0,10.0,3.0,0.0,0.0,0.0,8.0,7.0,101.0,69.0,5.0,3.0,3.0,4.0,1.0,2.0,70.0,30.0,2.29,1.17,Bet365,1.7,1.91,3.6,3.5,4.0,3.25,8.0625,8.166666666666666,2.28,1.49,1.49,1.49,0.0,1.25,2.1100000000000003,1.0,9.0,1.1800000000000004,1.1800000000000004,0.8400000000000002,0.5599999999999999,0.34,0.45,1.29,0.0,11.0
4650104,143,18,2026-02-25,1772040600.0,21.5,2,True,Ended,8346,Al Wasl,8347,Shabab Al Ahly,1.0,1.0,0.33,0.87,1.03,2.32,4.0,3.0,10.0,15.0,1.64,0.43,16.0,7.0,5.0,8.0,0.0,0.0,3.0,11.0,51.0,60.0,4.0,5.0,1.0,1.0,3.0,1.0,47.0,53.0,0.43,1.64,Bet365,3.25,2.9,3.3,3.3,2.0,2.1,4.0,5.0,0.45,0.45,0.41,0.39,0.04,0.4,1.02,0.0,10.0,1.7200000000000002,1.7200000000000002,1.05,1.05,0.6699999999999999,0.83,2.33,0.0,16.0
4650105,143,18,2026-02-25,1772040600.0,21.5,2,True,Ended,8350,Al-Wahda,8652,Ajman Club,2.0,0.0,1.53,0.58,1.38,0.39,2.0,4.0,10.0,11.0,0.96,0.83,15.0,20.0,3.0,0.0,0.0,0.0,7.0,6.0,108.0,97.0,7.0,3.0,2.0,1.0,3.0,1.0,51.0,49.0,0.83,0.96,Bet365,1.65,1.6,3.6,3.75,4.33,4.5,5.0,5.0,0.83,0.83,0.81,0.81,0.02,0.47,1.39,0.0,10.0,0.93,0.93,0.49,0.4000000000000001,0.44,0.8200000000000001,0.39,0.0,11.0
4650099,143,18,2026-02-26,1772127000.0,21.5,3,True,Ended,8355,Kalba,8352,Al Dhafra,1.0,1.0,0.7,1.8,0.94,1.58,3.0,4.0,11.0,15.0,2.38,0.73,8.0,11.0,2.0,6.0,0.0,0.0,6.0,10.0,78.0,104.0,5.0,4.0,2.0,3.0,1.0,1.0,50.0,50.0,0.73,2.38,Bet365,2.05,2.0,3.5,3.4,2.9,3.1,5.0,6.0,0.7100000000000001,0.7100000000000001,0.7100000000000001,0.7100000000000001,0.0,0.7100000000000001,0.89,0.0,11.0,2.37,2.37,1.97,1.34,0.3999999999999999,1.8200000000000005,1.58,0.0,15.0
4650103,143,18,2026-02-26,1772127000.0,21.5,3,True,Ended,8344,Jazira Abu Dhabi,8351,Sharjah SC,5.0,0.0,0.8,0.17,3.64,0.18,1.0,1.0,14.0,10.0,0.87,2.01,12.0,19.0,3.0,7.0,0.0,0.0,11.0,3.0,148.0,182.0,6.0,1.0,4.0,1.0,2.0,4.0,57.0,43.0,2.01,0.87,Bet365,1.85,1.85,3.7,3.7,3.2,3.2,6.0,6.0,2.02,1.23,1.16,1.0,0.07,0.27,3.64,1.0,14.0,0.94,0.94,0.87,0.87,0.07,0.05,0.27,0.0,11.0
4650100,143,18,2026-02-27,1772213400.0,21.5,4,True,Ended,57374,Al Bataeh,8345,Baniyas,0.0,1.0,0.7,0.85,0.84,0.56,2.0,4.0,16.0,8.0,0.82,0.82,13.0,12.0,8.0,9.0,0.0,0.0,6.0,6.0,20.0,29.0,4.0,3.0,0.0,0.0,2.0,1.0,41.0,59.0,0.82,0.82,Bet365,2.7,2.3,3.3,3.3,2.25,2.6,6.0,5.0,0.81,0.81,0.7000000000000001,0.67,0.11,0.79,0.8500000000000001,0.0,16.0,0.8300000000000001,0.8300000000000001,0.8,0.8,0.03,0.8300000000000001,0.56,0.0,8.0
4650101,143,18,2026-02-27,1772213400.0,21.5,4,True,Ended,11134,Khor Fakkan,8353,Al Ain,2.0,3.0,0.6,0.79,1.72,1.04,4.0,1.0,9.0,13.0,0.7,1.89,10.0,13.0,2.0,4.0,0.0,0.0,5.0,6.0,38.0,41.0,3.0,7.0,2.0,0.0,4.0,1.0,39.0,61.0,1.89,0.7,Bet365,8.0,9.0,4.75,5.0,1.29,1.25,5.0,5.0,1.9,0.32,0.12,0.12,0.2,0.06,1.72,2.0,9.0,0.7000000000000001,0.7000000000000001,0.66,0.65,0.04,0.58,1.05,0.0,13.0
4650102,143,18,2026-02-27,1772213400.0,21.5,4,True,Ended,10880,Dibba Al Fujairah,8349,Al Nasr Dubai,1.0,1.0,0.15,1.7,0.13,1.0,3.0,2.0,8.0,20.0,1.79,0.55,7.0,9.0,3.0,6.0,0.0,0.0,3.0,14.0,61.0,124.0,3.0,4.0,0.0,1.0,2.0,1.0,29.0,71.0,0.55,1.79,Bet365,4.33,3.5,3.7,3.4,1.65,1.9,6.0,5.0,0.54,0.54,0.43,0.25,0.11,0.4600000000000001,0.12,0.0,8.0,2.0500000000000003,2.0500000000000003,1.97,1.33,0.08,1.81,1.0,0.0,22.0
4650187,143,16,2026-03-07,1772904600.0,21.5,5,True,Ended,8347,Shabab Al Ahly,8350,Al-Wahda,1.0,1.0,1.31,0.34,0.55,0.0,0.0,1.0,5.0,3.0,0.12,0.58,20.0,11.0,1.0,3.0,0.0,0.0,3.0,1.0,110.0,88.0,2.0,0.0,1.0,0.0,1.0,1.0,50.0,50.0,0.58,0.12,Bet365,1.67,1.6,3.5,3.6,4.33,4.75,10.0,10.0,0.57,0.57,0.57,0.57,0.0,0.57,0.54,0.0,6.0,0.13,0.13,0.13,0.13,0.0,0.13,0.0,0.0,3.0
4650188,143,16,2026-03-07,1772904600.0,21.5,5,True,Ended,8345,Baniyas,8346,Al Wasl,2.0,0.0,0.38,1.76,1.62,0.94,5.0,2.0,7.0,31.0,2.5,0.83,14.0,13.0,2.0,16.0,0.0,0.0,5.0,17.0,40.0,140.0,4.0,5.0,1.0,4.0,1.0,2.0,29.0,71.0,0.83,2.5,Bet365,3.9,4.0,3.4,3.5,1.75,1.73,8.0,10.0,0.88,0.88,0.88,0.37,0.0,0.08,1.61,0.0,7.0,2.8000000000000003,2.8000000000000003,2.6300000000000003,1.9200000000000004,0.1699999999999999,0.52,1.15,0.0,32.0
4650189,143,16,2026-03-07,1772904600.0,21.5,5,True,Ended,8351,Sharjah SC,10880,Dibba Al Fujairah,4.0,1.0,0.6,0.28,0.94,0.42,1.0,1.0,9.0,11.0,0.72,0.57,12.0,13.0,6.0,1.0,0.0,0.0,4.0,4.0,100.0,79.0,5.0,2.0,0.0,0.0,0.0,0.0,64.0,36.0,0.57,0.72,Bet365,1.25,1.62,5.0,3.6,8.5,4.5,9.0,8.0,0.56,0.56,0.48,0.4599999999999999,0.08,0.1399999999999999,0.94,0.0,9.0,0.7200000000000001,0.7200000000000001,0.64,0.23,0.08,0.02,0.42,0.0,11.0
4670673,143,19,2026-03-10,1773163800.0,21.5,1,True,Ended,8352,Al Dhafra,8344,Jazira Abu Dhabi,1.0,2.0,0.13,1.75,0.73,3.18,4.0,5.0,11.0,15.0,2.85,0.3,11.0,17.0,5.0,5.0,1.0,0.0,2.0,11.0,43.0,122.0,6.0,6.0,1.0,3.0,1.0,2.0,34.0,66.0,0.3,2.85,Bet365,5.0,4.75,4.0,3.8,1.48,1.53,12.0,12.0,0.33,0.33,0.26,0.14,0.07,0.03,0.8200000000000001,0.0,11.0,2.870000000000001,2.870000000000001,2.740000000000001,1.75,0.13,1.5400000000000005,3.18,0.0,15.0
4670676,143,19,2026-03-10,1773163800.0,21.5,1,True,Ended,57374,Al Bataeh,8652,Ajman Club,1.0,0.0,0.57,0.9,1.0,0.64,4.0,4.0,10.0,14.0,0.77,0.83,19.0,11.0,3.0,3.0,0.0,0.0,4.0,9.0,138.0,264.0,5.0,4.0,2.0,0.0,3.0,2.0,36.0,64.0,0.83,0.77,Bet365,2.9,2.9,3.3,3.4,2.15,2.1,11.0,13.0,0.93,0.93,0.93,0.7100000000000001,0.0,0.2,0.77,0.0,10.0,0.7700000000000001,0.7700000000000001,0.66,0.44,0.11,0.07,0.64,0.0,14.0
4670672,143,19,2026-03-11,1773250200.0,21.5,2,True,Ended,8347,Shabab Al Ahly,8355,Kalba,5.0,1.0,3.06,0.4,4.0,0.49,0.0,7.0,20.0,5.0,0.3,2.54,10.0,10.0,3.0,3.0,0.0,1.0,15.0,2.0,204.0,96.0,12.0,1.0,7.0,1.0,1.0,1.0,66.0,34.0,2.54,0.3,Bet365,1.17,1.25,6.0,5.0,13.0,9.5,4.0,13.0,2.6,2.6,2.6,1.87,0.0,1.0,3.96,0.0,20.0,0.3,0.3,0.2,0.03,0.1,0.0,0.49,0.0,5.0
4670674,143,19,2026-03-11,1773250200.0,21.5,2,True,Ended,11134,Khor Fakkan,10880,Dibba Al Fujairah,0.0,0.0,0.84,0.59,0.0,0.07,2.0,0.0,7.0,11.0,0.93,0.56,16.0,10.0,5.0,5.0,0.0,0.0,3.0,8.0,200.0,144.0,0.0,2.0,3.0,0.0,2.0,2.0,52.0,48.0,0.56,0.93,Bet365,1.85,1.65,3.3,3.8,3.6,4.1,12.0,4.0,0.41,0.41,0.37,0.37,0.04,0.41,0.0,0.0,7.0,0.91,0.91,0.59,0.37,0.32,0.91,0.07,0.0,11.0
4670675,143,19,2026-03-11,1773250200.0,21.5,2,True,Ended,8351,Sharjah SC,8349,Al Nasr Dubai,1.0,2.0,0.39,0.69,1.01,2.26,3.0,1.0,7.0,11.0,1.89,0.61,16.0,25.0,2.0,5.0,0.0,0.0,3.0,6.0,174.0,178.0,2.0,5.0,1.0,2.0,3.0,4.0,46.0,54.0,0.61,1.89,Bet365,2.1,1.85,3.25,3.5,2.9,3.4,4.0,12.0,0.5800000000000001,0.5800000000000001,0.55,0.55,0.03,0.0,1.02,0.0,7.0,1.9,1.11,1.11,1.11,0.0,0.0699999999999999,2.27,1.0,11.0
4670677,143,19,2026-03-12,1773336600.0,21.5,3,True,Ended,8345,Baniyas,8350,Al-Wahda,1.0,0.0,0.94,2.77,1.8,0.31,3.0,2.0,7.0,15.0,1.5,0.77,14.0,10.0,2.0,7.0,1.0,0.0,5.0,11.0,54.0,115.0,3.0,3.0,1.0,0.0,1.0,1.0,34.0,66.0,0.77,1.5,Bet365,3.6,4.5,3.4,3.7,1.85,1.6,5.0,5.0,0.76,0.76,0.47,0.47,0.29,0.73,1.8,0.0,7.0,1.5000000000000002,1.5000000000000002,1.4300000000000002,1.4300000000000002,0.07,0.0,0.32,0.0,15.0
4670678,143,19,2026-03-12,1773336600.0,21.5,3,True,Ended,8353,Al Ain,8346,Al Wasl,2.0,0.0,0.17,0.82,1.69,1.25,7.0,1.0,5.0,17.0,0.91,0.44,10.0,18.0,2.0,12.0,0.0,0.0,3.0,7.0,120.0,222.0,3.0,7.0,0.0,1.0,1.0,3.0,39.0,61.0,0.44,0.91,Bet365,1.85,1.6,3.7,4.0,3.3,4.2,13.0,5.0,0.4299999999999999,0.4299999999999999,0.3399999999999999,0.3399999999999999,0.09,0.12,1.23,0.0,5.0,0.9200000000000004,0.9200000000000004,0.5300000000000001,0.5300000000000001,0.39,0.0,1.2399999999999998,0.0,17.0
4670665,143,20,2026-03-16,1773682200.0,21.5,0,True,Ended,10880,Dibba Al Fujairah,8347,Shabab Al Ahly,0.0,4.0,0.09,2.05,0.0,1.79,5.0,0.0,2.0,22.0,1.65,0.04,11.0,8.0,1.0,8.0,0.0,0.0,1.0,12.0,124.0,246.0,0.0,8.0,0.0,3.0,2.0,0.0,23.0,77.0,0.04,1.65,Bet365,11.0,11.0,6.5,6.5,1.17,1.18,5.0,5.0,0.04,0.04,0.04,0.04,0.0,0.04,0.04,0.0,3.0,1.7500000000000002,1.7500000000000002,1.5200000000000002,0.81,0.23,1.02,1.96,0.0,23.0
4670668,143,20,2026-03-16,1773682200.0,21.5,0,True,Ended,8344,Jazira Abu Dhabi,11134,Khor Fakkan,3.0,1.0,1.28,0.42,1.22,1.23,5.0,1.0,8.0,14.0,0.64,0.88,17.0,14.0,3.0,6.0,0.0,0.0,6.0,6.0,19.0,11.0,4.0,6.0,2.0,3.0,1.0,1.0,58.0,42.0,0.88,0.64,Bet365,1.48,1.33,3.8,4.33,6.0,7.0,6.0,5.0,0.89,0.89,0.89,0.89,0.0,0.14,0.78,0.0,8.0,0.6400000000000001,0.6400000000000001,0.6100000000000001,0.4600000000000001,0.03,0.09,1.24,0.0,14.0
4670667,143,20,2026-03-17,1773768600.0,21.5,1,True,Ended,8355,Kalba,8351,Sharjah SC,2.0,2.0,1.04,1.25,1.71,3.47,6.0,3.0,9.0,14.0,1.97,1.37,17.0,16.0,5.0,4.0,0.0,0.0,5.0,10.0,116.0,123.0,5.0,8.0,2.0,4.0,0.0,1.0,41.0,59.0,1.37,1.97,Bet365,3.7,3.2,3.5,3.5,1.75,1.91,6.0,6.0,1.2300000000000002,0.4400000000000001,0.4400000000000001,0.4200000000000001,0.0,0.18,1.5000000000000002,1.0,9.0,2.76,1.97,1.01,0.49,0.96,0.0,3.47,1.0,14.0
4670669,143,20,2026-03-17,1773768600.0,21.5,1,True,Ended,8350,Al-Wahda,8353,Al Ain,0.0,1.0,1.02,1.09,0.58,0.38,5.0,4.0,13.0,16.0,1.76,0.69,8.0,7.0,5.0,3.0,0.0,0.0,5.0,10.0,196.0,194.0,4.0,6.0,0.0,1.0,3.0,1.0,51.0,49.0,0.69,1.76,Bet365,4.0,3.0,3.25,3.25,1.8,2.1,5.0,5.0,0.8700000000000001,0.8700000000000001,0.79,0.77,0.08,0.4,0.51,0.0,14.0,1.77,0.98,0.8500000000000002,0.8300000000000002,0.13,0.76,0.38,1.0,16.0
4670666,143,20,2026-03-18,1773855000.0,21.5,2,True,Ended,8346,Al Wasl,8352,Al Dhafra,3.0,0.0,1.32,0.62,1.88,0.61,2.0,3.0,17.0,13.0,0.74,1.39,18.0,9.0,5.0,3.0,1.0,2.0,12.0,4.0,184.0,110.0,7.0,2.0,4.0,0.0,0.0,2.0,66.0,34.0,1.39,0.74,Bet365,1.33,1.53,4.5,3.75,6.5,5.0,6.0,8.0,1.4700000000000002,1.4700000000000002,1.25,1.25,0.22,0.54,1.94,0.0,18.0,0.8900000000000001,0.8900000000000001,0.73,0.73,0.16,0.03,0.62,0.0,13.0
4670670,143,20,2026-03-18,1773855000.0,21.5,2,True,Ended,8349,Al Nasr Dubai,57374,Al Bataeh,1.0,1.0,0.53,0.36,0.73,0.98,3.0,0.0,4.0,10.0,1.02,0.16,10.0,13.0,7.0,2.0,0.0,0.0,3.0,6.0,236.0,120.0,1.0,4.0,0.0,2.0,1.0,2.0,74.0,26.0,0.16,1.02,Bet365,1.85,1.8,3.25,3.4,3.5,3.8,7.0,8.0,0.16,0.16,0.16,0.14,0.0,0.03,0.73,0.0,4.0,1.03,1.03,1.01,0.99,0.02,0.66,0.99,0.0,10.0
4670671,143,20,2026-03-18,1773855000.0,21.5,2,True,Ended,8652,Ajman Club,8345,Baniyas,1.0,1.0,1.17,0.81,1.07,0.77,1.0,3.0,22.0,13.0,0.76,1.38,5.0,11.0,8.0,6.0,0.0,0.0,11.0,5.0,86.0,78.0,4.0,2.0,0.0,1.0,0.0,1.0,66.0,34.0,1.38,0.76,Bet365,2.3,2.15,3.2,3.25,2.7,2.8,8.0,6.0,1.5099999999999998,1.5099999999999998,1.41,1.3199999999999998,0.1,0.16,1.19,0.0,23.0,0.5500000000000002,0.5500000000000002,0.52,0.47,0.03,0.36,0.87,0.0,13.0
4689695,143,21,2026-04-04,1775310600.0,17.833333333333332,5,True,Ended,8349,Al Nasr Dubai,8350,Al-Wahda,2.0,2.0,1.06,0.7,1.01,1.02,3.0,5.0,23.0,8.0,0.77,1.74,14.0,10.0,7.0,2.0,0.0,1.0,11.0,7.0,103.0,80.0,8.0,5.0,3.0,2.0,2.0,1.0,55.0,45.0,1.74,0.77,Bet365,3.9,3.4,3.5,3.4,1.75,1.91,16.84722222222222,17.84722222222222,1.7400000000000002,1.7400000000000002,1.6300000000000003,1.2600000000000002,0.11,0.64,1.0,0.0,23.0,0.79,0.79,0.79,0.79,0.0,0.21,1.15,0.0,8.0
4689696,143,21,2026-04-04,1775310600.0,17.833333333333332,5,True,Ended,57374,Al Bataeh,8355,Kalba,2.0,2.0,1.8,0.45,0.84,2.64,3.0,3.0,20.0,8.0,1.66,1.29,8.0,17.0,4.0,4.0,0.0,0.0,12.0,6.0,179.0,91.0,6.0,5.0,0.0,2.0,1.0,3.0,62.0,38.0,1.29,1.66,Bet365,2.15,2.2,3.2,3.3,3.0,2.75,16.84722222222222,17.84722222222222,1.44,1.44,1.41,1.13,0.03,0.8800000000000001,0.8500000000000001,0.0,21.0,1.74,1.74,1.71,0.7999999999999999,0.03,1.68,2.64,0.0,8.0
4689697,143,21,2026-04-04,1775320200.0,20.5,5,True,Ended,8347,Shabab Al Ahly,8344,Jazira Abu Dhabi,2.0,1.0,0.99,0.42,1.31,0.85,0.0,3.0,15.0,7.0,1.07,1.35,19.0,16.0,5.0,1.0,1.0,0.0,9.0,4.0,73.0,53.0,5.0,1.0,4.0,1.0,5.0,5.0,51.0,49.0,1.35,1.07,Bet365,1.62,1.67,3.7,3.6,4.5,4.2,18.958333333333332,18.958333333333332,1.34,1.34,1.03,1.03,0.31,0.51,1.2999999999999998,0.0,15.0,1.11,0.32,0.23,0.17,0.09,0.08,0.85,1.0,8.0
4689698,143,21,2026-04-05,1775397000.0,17.833333333333332,6,True,Ended,10880,Dibba Al Fujairah,8352,Al Dhafra,1.0,0.0,0.32,0.98,0.15,0.12,3.0,1.0,7.0,16.0,1.09,0.33,18.0,8.0,7.0,10.0,0.0,0.0,4.0,8.0,0.0,0.0,2.0,3.0,0.0,0.0,1.0,0.0,37.0,63.0,0.33,1.09,Bet365,3.4,2.62,3.3,3.3,1.95,2.3,19.84722222222222,17.84722222222222,0.32,0.32,0.32,0.3,0.0,0.09,0.15,0.0,7.0,1.08,1.08,0.7100000000000001,0.65,0.37,0.68,0.12,0.0,16.0
4689700,143,21,2026-04-05,1775397000.0,17.833333333333332,6,True,Ended,11134,Khor Fakkan,8345,Baniyas,2.0,1.0,0.85,0.81,0.69,0.05,1.0,1.0,11.0,11.0,0.64,0.95,12.0,11.0,3.0,4.0,1.0,1.0,7.0,7.0,77.0,80.0,3.0,2.0,2.0,0.0,4.0,2.0,40.0,60.0,0.95,0.64,Bet365,2.75,2.38,3.4,3.3,2.2,2.55,19.84722222222222,17.84722222222222,0.9600000000000002,0.9600000000000002,0.81,0.6600000000000001,0.15,0.42,0.6900000000000001,0.0,11.0,0.6200000000000001,0.6200000000000001,0.6100000000000001,0.53,0.01,0.22,0.05,0.0,11.0
4689699,143,21,2026-04-05,1775406600.0,20.5,6,True,Ended,8353,Al Ain,8652,Ajman Club,2.0,0.0,1.37,0.44,1.54,0.0,0.0,3.0,11.0,6.0,0.34,2.16,13.0,9.0,8.0,4.0,0.0,0.0,7.0,3.0,0.0,0.0,6.0,0.0,3.0,0.0,2.0,1.0,54.0,46.0,2.16,0.34,Bet365,1.22,1.27,5.25,4.75,9.0,8.5,18.958333333333332,17.958333333333332,2.16,2.16,2.11,2.11,0.05,0.34,1.5300000000000002,0.0,11.0,0.31,0.31,0.23,0.23,0.08,0.0,0.0,0.0,6.0
4689701,143,21,2026-04-05,1775406600.0,20.5,6,True,Ended,8351,Sharjah SC,8346,Al Wasl,2.0,1.0,0.38,0.84,1.39,1.29,3.0,2.0,7.0,11.0,1.07,0.79,19.0,9.0,3.0,0.0,1.0,0.0,5.0,7.0,116.0,190.0,4.0,4.0,2.0,3.0,4.0,0.0,39.0,61.0,0.79,1.07,Bet365,4.1,3.0,3.6,3.25,1.65,2.05,18.958333333333332,17.958333333333332,0.81,0.81,0.71,0.6100000000000001,0.0999999999999999,0.23,1.39,0.0,7.0,1.06,1.06,0.91,0.66,0.15,0.5900000000000001,1.29,0.0,11.0
4695361,143,22,2026-04-09,1775742900.0,17.916666666666668,3,True,Ended,8350,Al-Wahda,8355,Kalba,2.0,2.0,1.02,0.95,2.74,0.98,0.0,8.0,21.0,13.0,0.62,2.07,15.0,18.0,7.0,5.0,0.0,0.0,13.0,4.0,183.0,150.0,10.0,2.0,1.0,1.0,1.0,3.0,61.0,39.0,2.07,0.62,Bet365,1.36,1.48,4.5,3.9,6.5,5.75,5.003472222222222,5.003472222222222,2.08,1.29,1.14,1.11,0.15,0.78,2.75,1.0,21.0,0.6200000000000001,0.6200000000000001,0.6000000000000001,0.5700000000000001,0.02,0.26,0.98,0.0,13.0
4695359,143,22,2026-04-10,1775829300.0,17.916666666666668,4,True,Ended,8345,Baniyas,8351,Sharjah SC,1.0,1.0,0.48,0.57,0.18,0.59,3.0,4.0,11.0,14.0,1.03,0.4,13.0,8.0,6.0,4.0,0.0,1.0,5.0,10.0,102.0,90.0,4.0,4.0,1.0,1.0,2.0,3.0,56.0,44.0,0.4,1.03,Bet365,2.6,3.0,3.3,3.4,2.35,2.05,5.003472222222222,4.892361111111111,0.41,0.41,0.37,0.37,0.04,0.19,0.19,0.0,11.0,1.0300000000000002,1.0300000000000002,0.8800000000000001,0.57,0.15,0.6299999999999999,0.5900000000000001,0.0,15.0
4695358,143,22,2026-04-10,1775838600.0,20.5,4,True,Ended,8353,Al Ain,8347,Shabab Al Ahly,3.0,2.0,1.11,1.1,1.57,1.5,4.0,3.0,20.0,18.0,1.61,2.28,15.0,12.0,8.0,5.0,0.0,0.0,12.0,7.0,122.0,174.0,6.0,6.0,3.0,1.0,4.0,3.0,44.0,56.0,2.28,1.61,Bet365,2.45,2.62,3.1,3.0,2.62,2.5,5.0,6.0,2.31,2.31,2.18,2.01,0.13,2.31,1.5599999999999998,0.0,20.0,1.6000000000000003,1.6000000000000003,1.4700000000000004,1.4100000000000004,0.13,0.49,1.5,0.0,18.0
4695356,143,22,2026-04-11,1775915700.0,17.916666666666668,5,True,Ended,8344,Jazira Abu Dhabi,10880,Dibba Al Fujairah,4.0,3.0,1.65,0.58,2.08,2.18,3.0,4.0,14.0,9.0,0.83,1.63,18.0,10.0,4.0,2.0,0.0,0.0,10.0,5.0,104.0,73.0,8.0,6.0,3.0,2.0,1.0,2.0,61.0,39.0,1.63,0.83,Bet365,1.17,1.22,6.5,5.25,13.0,9.5,6.892361111111111,6.003472222222222,1.62,1.62,1.57,1.2,0.05,0.8999999999999999,2.08,0.0,14.0,0.97,0.97,0.97,0.6,0.0,0.6,1.98,0.0,9.0
4695357,143,22,2026-04-11,1775915700.0,17.916666666666668,5,True,Ended,8352,Al Dhafra,8349,Al Nasr Dubai,0.0,1.0,1.01,1.1,0.07,0.64,1.0,2.0,7.0,8.0,0.79,0.62,11.0,15.0,3.0,4.0,0.0,0.0,5.0,4.0,62.0,73.0,2.0,2.0,0.0,1.0,2.0,4.0,35.0,65.0,0.62,0.79,Bet365,3.25,3.5,3.4,3.5,2.0,1.85,6.003472222222222,7.003472222222222,0.6200000000000001,0.6200000000000001,0.21,0.21,0.41,0.41,0.07,0.0,7.0,0.87,0.87,0.87,0.64,0.0,0.78,0.52,0.0,8.0
4695355,143,22,2026-04-11,1775925000.0,20.5,5,True,Ended,8652,Ajman Club,8346,Al Wasl,1.0,3.0,0.63,0.56,1.0,1.52,3.0,2.0,10.0,13.0,1.63,1.13,14.0,20.0,7.0,6.0,0.0,0.0,6.0,8.0,170.0,144.0,3.0,5.0,1.0,2.0,2.0,2.0,54.0,46.0,1.13,1.63,Bet365,3.5,4.5,3.3,3.6,1.85,1.62,6.0,6.0,1.1700000000000002,0.38,0.16,0.16,0.2199999999999999,0.13,1.04,1.0,12.0,1.6500000000000004,1.6500000000000004,1.5900000000000003,0.78,0.06,1.05,1.51,0.0,13.0
4695360,143,22,2026-04-11,1775925000.0,20.5,5,True,Ended,11134,Khor Fakkan,57374,Al Bataeh,1.0,1.0,0.93,0.58,1.07,0.28,2.0,1.0,6.0,9.0,0.27,0.89,12.0,10.0,8.0,8.0,0.0,0.0,4.0,6.0,96.0,87.0,2.0,3.0,2.0,0.0,3.0,2.0,53.0,47.0,0.89,0.27,Bet365,2.35,2.45,3.3,3.3,2.6,2.55,6.111111111111111,7.111111111111111,0.8899999999999999,0.8899999999999999,0.8899999999999999,0.8899999999999999,0.0,0.31,1.07,0.0,6.0,0.31,0.31,0.2799999999999999,0.2199999999999999,0.03,0.2199999999999999,0.2799999999999999,0.0,9.0
4695353,143,23,2026-04-23,1776952800.0,18.0,3,True,Ended,8351,Sharjah SC,8350,Al-Wahda,0.0,2.0,0.76,2.05,1.37,2.11,2.0,3.0,9.0,10.0,1.93,1.82,15.0,16.0,4.0,3.0,0.0,0.0,5.0,7.0,247.0,168.0,3.0,4.0,2.0,5.0,2.0,2.0,56.0,44.0,1.82,1.93,Bet365,3.5,2.9,3.75,3.5,1.8,2.1,13.003472222222221,14.003472222222221,1.82,1.82,1.8100000000000005,1.7100000000000002,0.01,0.02,1.37,0.0,9.0,2.8400000000000003,2.8400000000000003,2.78,2.78,0.06,0.34,3.12,0.0,11.0
4695354,143,23,2026-04-23,1776952800.0,18.0,3,True,Ended,8355,Kalba,8345,Baniyas,1.0,2.0,0.99,2.06,0.33,1.42,4.0,2.0,12.0,13.0,1.5,1.3,6.0,6.0,2.0,6.0,1.0,0.0,9.0,8.0,134.0,174.0,3.0,6.0,0.0,2.0,0.0,1.0,50.0,50.0,1.3,1.5,Bet365,2.45,2.3,3.6,3.6,2.3,2.5,14.003472222222221,13.003472222222221,1.29,1.29,1.29,1.13,0.0,1.16,0.3299999999999999,0.0,12.0,1.65,1.65,1.37,1.37,0.28,1.09,1.62,0.0,14.0
4695349,143,23,2026-04-23,1776962700.0,20.75,3,True,Ended,57374,Al Bataeh,8353,Al Ain,0.0,2.0,0.43,0.8,0.08,1.0,1.0,1.0,11.0,10.0,1.24,0.71,4.0,7.0,2.0,5.0,0.0,0.0,5.0,7.0,182.0,262.0,1.0,2.0,1.0,1.0,2.0,1.0,41.0,59.0,0.71,1.24,Bet365,7.0,6.0,5.25,4.75,1.27,1.36,12.010416666666666,13.010416666666666,0.7200000000000002,0.7200000000000002,0.6200000000000001,0.6200000000000001,0.1,0.0,0.08,0.0,12.0,1.2400000000000002,0.45,0.4000000000000001,0.4000000000000001,0.05,0.08,1.0,1.0,10.0
4695350,143,23,2026-04-24,1777039200.0,18.0,4,True,Ended,8346,Al Wasl,10880,Dibba Al Fujairah,4.0,2.0,3.68,0.51,4.51,1.92,4.0,7.0,27.0,11.0,1.34,3.62,10.0,10.0,12.0,4.0,0.0,0.0,18.0,6.0,162.0,106.0,11.0,7.0,4.0,2.0,1.0,3.0,70.0,30.0,3.62,1.34,Bet365,1.2,1.2,5.5,5.5,11.0,10.0,12.895833333333334,13.003472222222221,3.71,2.9200000000000004,2.7100000000000004,2.4800000000000004,0.21,1.2200000000000002,4.51,1.0,28.0,1.3400000000000003,0.55,0.4600000000000001,0.43,0.09,0.08,1.91,1.0,11.0
4695352,143,23,2026-04-24,1777039200.0,18.0,4,True,Ended,8352,Al Dhafra,8652,Ajman Club,0.0,1.0,0.51,0.22,0.18,0.05,0.0,1.0,5.0,7.0,0.32,0.75,17.0,20.0,2.0,3.0,1.0,1.0,4.0,3.0,128.0,126.0,1.0,1.0,1.0,0.0,1.0,2.0,52.0,48.0,0.75,0.32,Bet365,2.88,2.75,3.4,3.25,2.1,2.25,13.003472222222221,12.895833333333334,0.76,0.76,0.67,0.64,0.09,0.3,0.18,0.0,5.0,0.3299999999999999,0.3299999999999999,0.17,0.17,0.16,0.3299999999999999,0.05,0.0,7.0
4695348,143,23,2026-04-24,1777049100.0,20.75,4,True,Ended,8349,Al Nasr Dubai,8344,Jazira Abu Dhabi,3.0,2.0,0.15,2.01,1.34,3.2,4.0,2.0,14.0,13.0,1.96,1.02,18.0,16.0,3.0,5.0,0.0,0.0,9.0,9.0,136.0,152.0,5.0,6.0,2.0,2.0,4.0,3.0,39.0,61.0,1.02,1.96,Bet365,4.0,3.1,3.75,3.4,1.67,2.0,13.118055555555555,13.118055555555555,1.05,1.05,0.6900000000000001,0.5800000000000001,0.36,0.58,1.33,0.0,14.0,2.01,2.01,2.01,1.52,0.0,0.8199999999999998,3.1900000000000004,0.0,13.0
4695351,143,23,2026-04-29,1777476000.0,19.33333333333333,2,True,Ended,8347,Shabab Al Ahly,11134,Khor Fakkan,3.0,3.0,2.2,0.8,3.11,1.6,1.0,2.0,18.0,7.0,1.4,2.34,10.0,12.0,9.0,3.0,0.0,0.0,14.0,5.0,363.0,162.0,5.0,3.0,3.0,4.0,1.0,3.0,72.0,28.0,2.34,1.4,Bet365,1.25,1.25,5.25,5.25,8.5,9.0,18.95138888888889,17.95138888888889,2.34,2.34,2.14,1.84,0.2,0.8999999999999999,3.1100000000000003,0.0,19.0,1.4,1.4,1.4,1.4,0.0,1.13,1.6,0.0,7.0
4704448,143,24,2026-05-05,1777989900.0,18.08333333333333,1,True,Ended,8652,Ajman Club,8344,Jazira Abu Dhabi,1.0,1.0,0.82,1.26,0.76,1.12,4.0,1.0,7.0,14.0,1.32,0.88,20.0,16.0,2.0,7.0,0.0,0.0,4.0,10.0,152.0,136.0,2.0,5.0,1.0,0.0,5.0,4.0,49.0,51.0,0.88,1.32,Bet365,4.75,3.9,3.8,3.5,1.57,1.75,11.003472222222221,10.88888888888889,0.9900000000000002,0.9900000000000002,0.9200000000000002,0.8200000000000001,0.07,0.9900000000000002,0.76,0.0,10.0,1.32,1.32,0.78,0.78,0.54,1.1,1.12,0.0,14.0
4704442,143,24,2026-05-05,1777999500.0,20.75,1,True,Ended,8345,Baniyas,8352,Al Dhafra,2.0,2.0,0.37,0.44,1.38,0.28,1.0,1.0,7.0,12.0,0.64,0.62,9.0,11.0,3.0,8.0,0.0,0.0,4.0,8.0,125.0,50.0,4.0,3.0,1.0,0.0,1.0,0.0,71.0,29.0,0.62,0.64,Bet365,2.0,1.9,3.6,3.4,3.0,3.3,12.114583333333334,11.114583333333334,0.6199999999999999,0.6199999999999999,0.6199999999999999,0.3999999999999999,0.0,0.2,1.37,0.0,7.0,0.6400000000000001,0.6400000000000001,0.51,0.51,0.13,0.21,0.27,0.0,12.0
4704446,143,24,2026-05-05,1777999500.0,20.75,1,True,Ended,10880,Dibba Al Fujairah,57374,Al Bataeh,2.0,1.0,0.22,2.37,1.59,0.32,4.0,2.0,8.0,21.0,1.28,1.3,11.0,14.0,3.0,5.0,0.0,0.0,7.0,10.0,62.0,150.0,4.0,5.0,2.0,2.0,3.0,2.0,35.0,65.0,1.3,1.28,Bet365,3.5,3.2,3.5,3.4,1.85,2.0,11.114583333333334,12.0,1.31,0.52,0.52,0.5,0.0,0.38,1.59,1.0,8.0,1.3200000000000005,1.3200000000000005,1.2400000000000004,1.2100000000000002,0.08,0.6300000000000001,0.33,0.0,21.0
4704447,143,24,2026-05-05,1777999500.0,20.75,1,True,Ended,8355,Kalba,11134,Khor Fakkan,0.0,0.0,0.6,1.55,0.11,0.7,3.0,1.0,11.0,11.0,0.79,0.44,13.0,15.0,3.0,11.0,0.0,0.0,6.0,6.0,145.0,145.0,1.0,3.0,0.0,4.0,2.0,3.0,48.0,52.0,0.44,0.79,Bet365,2.88,2.4,3.4,3.4,2.1,2.45,12.114583333333334,6.059027777777778,0.45,0.45,0.25,0.25,0.1999999999999999,0.45,0.11,0.0,11.0,0.8,0.8,0.7,0.59,0.1,0.8,0.7000000000000001,0.0,11.0
4704445,143,24,2026-05-06,1778076300.0,18.08333333333333,2,True,Ended,8350,Al-Wahda,8346,Al Wasl,2.0,3.0,1.28,0.8,1.36,2.95,2.0,1.0,11.0,12.0,2.51,1.46,14.0,10.0,3.0,3.0,0.0,0.0,10.0,10.0,155.0,124.0,3.0,6.0,3.0,2.0,2.0,2.0,53.0,47.0,1.46,2.51,Bet365,2.5,2.25,3.6,3.4,2.25,2.62,13.003472222222221,12.003472222222221,1.4400000000000002,0.6499999999999999,0.6499999999999999,0.59,0.0,0.34,1.37,1.0,11.0,2.5200000000000005,0.94,0.83,0.73,0.11,0.94,2.96,2.0,12.0
4704443,143,24,2026-05-06,1778085900.0,20.75,2,True,Ended,8347,Shabab Al Ahly,8349,Al Nasr Dubai,2.0,1.0,1.27,0.27,1.72,0.39,4.0,6.0,12.0,12.0,0.57,1.76,14.0,16.0,4.0,3.0,0.0,0.0,11.0,8.0,154.0,130.0,8.0,5.0,4.0,0.0,2.0,1.0,52.0,48.0,1.76,0.57,Bet365,1.45,1.3,4.5,5.0,5.0,7.0,7.059027777777778,12.0,1.8000000000000005,1.0100000000000002,0.75,0.64,0.26,0.71,1.7200000000000002,1.0,12.0,0.56,0.56,0.35,0.31,0.21,0.52,0.3999999999999999,0.0,12.0
4704444,143,24,2026-05-06,1778085900.0,20.75,2,True,Ended,8351,Sharjah SC,8353,Al Ain,0.0,5.0,0.23,1.61,0.26,1.31,1.0,3.0,6.0,15.0,0.94,0.13,12.0,13.0,3.0,3.0,0.0,0.0,1.0,9.0,243.0,256.0,3.0,5.0,0.0,3.0,1.0,0.0,41.0,59.0,0.13,0.94,Bet365,4.0,5.0,3.8,4.0,1.65,1.5,13.114583333333334,13.0,0.15,0.15,0.15,0.13,0.0,0.0,0.27,0.0,9.0,0.95,0.95,0.95,0.8800000000000001,0.0,0.11,1.31,0.0,15.0
4709068,143,25,2026-05-10,1778426700.0,19.416666666666668,6,True,Ended,8353,Al Ain,8352,Al Dhafra,5.0,0.0,0.82,0.35,4.25,0.26,1.0,6.0,19.0,5.0,0.56,3.13,18.0,6.0,11.0,1.0,0.0,0.0,13.0,3.0,90.0,80.0,11.0,1.0,7.0,0.0,2.0,1.0,56.0,44.0,3.13,0.56,Bet365,1.22,1.1,6.0,9.0,12.0,17.0,3.9444444444444446,4.944444444444445,3.2,1.6200000000000006,1.6000000000000003,0.8,0.02,0.36,4.24,2.0,20.0,0.56,0.56,0.56,0.56,0.0,0.19,0.26,0.0,5.0
4709070,143,25,2026-05-10,1778426700.0,19.416666666666668,6,True,Ended,8345,Baniyas,8347,Shabab Al Ahly,2.0,2.0,0.36,0.99,1.52,1.84,4.0,0.0,8.0,11.0,1.46,0.77,11.0,16.0,3.0,2.0,0.0,0.0,6.0,8.0,126.0,202.0,2.0,6.0,1.0,1.0,2.0,2.0,50.0,50.0,0.77,1.46,Bet365,4.1,7.5,3.8,4.33,1.65,1.33,4.944444444444445,3.9444444444444446,0.7800000000000001,0.7800000000000001,0.7600000000000001,0.64,0.02,0.42,1.51,0.0,8.0,1.62,1.62,1.62,1.0299999999999998,0.0,0.8500000000000001,2.0400000000000005,0.0,12.0
4709072,143,25,2026-05-10,1778426700.0,19.416666666666668,6,True,Ended,57374,Al Bataeh,8351,Sharjah SC,0.0,0.0,0.36,0.29,0.41,0.2,3.0,1.0,10.0,7.0,0.64,0.34,15.0,18.0,1.0,1.0,0.0,0.0,3.0,3.0,100.0,115.0,1.0,3.0,0.0,1.0,3.0,2.0,44.0,56.0,0.34,0.64,Bet365,2.75,2.7,3.2,3.3,2.25,2.25,4.944444444444445,3.9444444444444446,0.3400000000000001,0.3400000000000001,0.26,0.26,0.08,0.3400000000000001,0.41,0.0,10.0,0.6399999999999999,0.6399999999999999,0.6399999999999999,0.4499999999999999,0.0,0.6399999999999999,0.2,0.0,7.0
4709073,143,25,2026-05-10,1778426700.0,19.416666666666668,6,True,Ended,10880,Dibba Al Fujairah,8652,Ajman Club,0.0,2.0,0.21,1.22,0.61,1.32,9.0,3.0,7.0,23.0,1.84,0.33,10.0,13.0,3.0,7.0,1.0,0.0,1.0,14.0,41.0,100.0,3.0,10.0,0.0,1.0,1.0,3.0,32.0,68.0,0.33,1.84,Bet365,2.55,3.0,3.4,3.4,2.3,2.05,4.944444444444445,5.055555555555555,0.33,0.33,0.06,0.05,0.27,0.1699999999999999,0.6000000000000001,0.0,8.0,1.8400000000000003,1.8400000000000003,1.4300000000000004,0.9600000000000002,0.41,1.34,1.3100000000000005,0.0,23.0
4709069,143,25,2026-05-11,1778508600.0,18.166666666666668,0,True,Ended,8349,Al Nasr Dubai,8355,Kalba,2.0,1.0,0.81,0.74,1.15,1.04,2.0,0.0,11.0,14.0,0.88,1.48,15.0,11.0,4.0,11.0,0.0,1.0,6.0,10.0,208.0,135.0,2.0,3.0,1.0,0.0,2.0,1.0,58.0,42.0,1.48,0.88,Bet365,1.62,1.65,3.9,3.75,4.2,4.2,4.892361111111111,5.892361111111111,1.4800000000000002,0.6900000000000001,0.6900000000000001,0.65,0.0,0.31,1.15,1.0,11.0,0.8900000000000001,0.8900000000000001,0.6000000000000001,0.6000000000000001,0.29,0.29,1.04,0.0,14.0
4709067,143,25,2026-05-11,1778517900.0,20.75,0,True,Ended,8344,Jazira Abu Dhabi,8346,Al Wasl,1.0,2.0,0.77,1.4,0.15,1.91,3.0,2.0,10.0,17.0,1.52,0.69,18.0,15.0,5.0,2.0,0.0,0.0,7.0,8.0,51.0,66.0,2.0,5.0,0.0,2.0,4.0,4.0,44.0,56.0,0.69,1.52,Bet365,2.75,2.45,3.75,3.6,2.2,2.35,6.111111111111111,5.111111111111111,0.68,0.68,0.68,0.53,0.0,0.4599999999999999,0.15,0.0,10.0,1.5700000000000005,1.5700000000000005,1.5700000000000005,1.2400000000000002,0.0,0.8300000000000001,2.22,0.0,18.0
4709071,143,25,2026-05-11,1778517900.0,20.75,0,True,Ended,11134,Khor Fakkan,8350,Al-Wahda,1.0,1.0,0.72,1.27,0.7,1.89,6.0,3.0,13.0,19.0,1.44,1.16,7.0,9.0,2.0,7.0,0.0,0.0,7.0,14.0,157.0,290.0,4.0,8.0,2.0,4.0,4.0,2.0,38.0,62.0,1.16,1.44,Bet365,3.6,4.4,3.8,4.0,1.73,1.57,6.0,5.111111111111111,1.2000000000000004,1.2000000000000004,1.1800000000000004,1.0500000000000005,0.02,0.8300000000000001,0.7000000000000001,0.0,14.0,1.4200000000000004,1.4200000000000004,1.3700000000000003,1.3400000000000003,0.05,0.22,1.9,0.0,19.0
4713645,143,26,2026-05-15,1778854200.0,18.166666666666668,4,True,Ended,8351,Sharjah SC,11134,Khor Fakkan,3.0,1.0,0.74,0.99,2.02,1.13,4.0,7.0,17.0,15.0,1.0,2.39,11.0,13.0,5.0,3.0,0.0,1.0,11.0,10.0,136.0,182.0,10.0,5.0,3.0,3.0,1.0,1.0,44.0,56.0,2.39,1.0,Bet365,2.2,1.95,3.4,3.5,3.1,3.2,4.947916666666667,3.892361111111111,2.4000000000000004,1.6100000000000003,1.5299999999999998,1.5299999999999998,0.08,0.28,2.01,1.0,17.0,1.4800000000000004,1.4800000000000004,0.6000000000000001,0.45,0.88,0.16,1.12,0.0,19.0
4713646,143,26,2026-05-15,1778854200.0,18.166666666666668,4,True,Ended,8652,Ajman Club,8349,Al Nasr Dubai,2.0,2.0,1.2,0.83,0.62,2.08,9.0,1.0,7.0,20.0,3.1,1.82,14.0,11.0,0.0,7.0,0.0,0.0,5.0,14.0,80.0,104.0,3.0,11.0,3.0,2.0,1.0,1.0,42.0,58.0,1.82,3.1,Bet365,2.8,2.6,3.75,3.4,2.05,2.3,4.947916666666667,4.0,1.82,1.82,1.82,1.64,0.0,0.9,0.6299999999999999,0.0,7.0,3.09,3.09,1.76,1.34,1.3299999999999998,0.03,2.08,0.0,20.0
4713642,143,26,2026-05-15,1778863500.0,20.75,4,True,Ended,8346,Al Wasl,8355,Kalba,2.0,1.0,1.86,0.87,1.36,1.41,4.0,3.0,16.0,13.0,1.39,1.7,11.0,11.0,5.0,3.0,0.0,0.0,11.0,6.0,84.0,86.0,4.0,5.0,2.0,2.0,1.0,2.0,59.0,41.0,1.7,1.39,Bet365,1.42,1.33,4.75,4.8,5.0,6.5,4.0,4.107638888888889,1.7000000000000002,1.7000000000000002,1.51,1.06,0.19,0.97,1.35,0.0,16.0,1.3999999999999997,1.3999999999999997,1.39,1.2899999999999998,0.01,1.0,1.4300000000000002,0.0,16.0
4713640,143,26,2026-05-16,1778945400.0,19.5,5,True,Ended,8352,Al Dhafra,8350,Al-Wahda,1.0,0.0,0.54,0.61,0.7,0.43,5.0,2.0,10.0,16.0,0.92,0.6,22.0,8.0,1.0,1.0,0.0,1.0,5.0,8.0,85.0,89.0,3.0,5.0,0.0,0.0,5.0,4.0,50.0,50.0,0.6,0.92,Bet365,4.1,4.5,4.0,3.9,1.62,1.57,6.003472222222222,4.947916666666667,0.6200000000000001,0.6200000000000001,0.56,0.51,0.06,0.6200000000000001,0.6900000000000001,0.0,10.0,1.02,1.02,0.8,0.6,0.22,0.58,0.42,0.0,17.0
4713641,143,26,2026-05-16,1778945400.0,19.5,5,True,Ended,8344,Jazira Abu Dhabi,8345,Baniyas,4.0,1.0,1.38,0.61,1.99,0.75,1.0,0.0,9.0,7.0,0.62,2.12,15.0,14.0,4.0,4.0,0.0,1.0,7.0,4.0,172.0,134.0,4.0,2.0,3.0,1.0,1.0,5.0,51.0,49.0,2.12,0.62,Bet365,1.36,1.4,4.5,4.2,6.0,6.0,4.947916666666667,6.003472222222222,2.12,2.12,2.12,2.1,0.0,0.61,2.0,0.0,9.0,0.63,0.63,0.6,0.6,0.03,0.0,0.75,0.0,7.0
4713643,143,26,2026-05-16,1778945400.0,19.5,5,True,Ended,8353,Al Ain,10880,Dibba Al Fujairah,4.0,0.0,2.4,0.61,4.0,0.16,4.0,5.0,26.0,17.0,1.0,5.32,11.0,6.0,4.0,6.0,0.0,0.0,19.0,5.0,190.0,141.0,10.0,4.0,6.0,0.0,0.0,1.0,59.0,41.0,5.32,1.0,Bet365,1.14,1.22,7.5,5.5,12.0,8.5,6.003472222222222,6.003472222222222,5.54,5.54,5.54,4.6,0.0,1.67,3.98,0.0,26.0,0.99,0.99,0.9300000000000002,0.9300000000000002,0.06,0.03,0.16,0.0,17.0
4713644,143,26,2026-05-16,1778945400.0,19.5,5,True,Ended,8347,Shabab Al Ahly,57374,Al Bataeh,1.0,1.0,1.69,0.76,0.99,2.56,5.0,3.0,15.0,12.0,1.66,1.05,13.0,9.0,5.0,3.0,0.0,0.0,9.0,7.0,95.0,76.0,5.0,6.0,1.0,3.0,2.0,3.0,63.0,37.0,1.05,1.66,Bet365,1.4,1.36,4.33,4.75,5.75,6.0,6.003472222222222,6.003472222222222,1.0499999999999998,1.0499999999999998,0.89,0.89,0.16,1.0499999999999998,0.99,0.0,15.0,1.6700000000000002,0.88,0.65,0.61,0.23,0.76,2.57,1.0,12.0
4756581,144,1,2026-08-14,1786716600.0,18.166666666666668,4,True,Ended,8349,Al Nasr Dubai,8355,Kalba,2.0,2.0,0.89,1.08,1.59,2.1,4.0,2.0,14.0,16.0,2.37,1.65,18.0,11.0,8.0,3.0,0.0,0.0,10.0,13.0,88.0,60.0,4.0,6.0,2.0,2.0,2.0,3.0,53.0,47.0,1.65,2.37,Bet365,1.67,1.65,3.7,3.75,4.0,4.0,91.0,90.89236111111111,1.65,0.8600000000000001,0.8200000000000001,0.8200000000000001,0.04,0.1,1.59,1.0,14.0,2.3599999999999994,1.5700000000000005,1.3800000000000003,1.3000000000000005,0.19,0.87,2.09,1.0,16.0
4756612,144,1,2026-08-14,1786725900.0,20.75,4,True,Ended,8350,Al-Wahda,8652,Ajman Club,2.0,3.0,0.68,1.11,1.38,0.74,3.0,2.0,14.0,11.0,0.76,0.76,16.0,9.0,5.0,3.0,0.0,0.0,7.0,4.0,76.0,78.0,4.0,6.0,1.0,2.0,2.0,2.0,60.0,40.0,0.76,0.76,Bet365,1.83,1.7,3.25,3.6,3.5,4.0,90.05208333333333,91.10763888888889,0.7600000000000001,0.7600000000000001,0.5300000000000001,0.5200000000000001,0.2299999999999999,0.01,1.38,0.0,14.0,0.76,0.76,0.6699999999999999,0.3999999999999999,0.09,0.21,0.74,0.0,11.0
4756587,144,1,2026-08-15,1786803000.0,18.166666666666668,5,True,Ended,8352,Al Dhafra,8351,Sharjah SC,1.0,3.0,0.53,1.56,0.53,2.01,3.0,5.0,10.0,12.0,2.36,0.29,15.0,17.0,2.0,3.0,0.0,0.0,1.0,10.0,95.0,60.0,6.0,5.0,0.0,3.0,3.0,1.0,52.0,48.0,0.29,2.36,Bet365,3.6,3.3,3.6,3.5,1.8,1.9,90.94444444444444,92.0,0.29,0.29,0.2,0.19,0.09,0.08,0.52,0.0,10.0,2.3600000000000003,2.3600000000000003,2.33,1.62,0.03,1.1,2.01,0.0,12.0
4756620,144,1,2026-08-15,1786812300.0,20.75,5,True,Ended,8346,Al Wasl,77221,Dubai United,5.0,1.0,1.16,0.99,3.17,0.75,4.0,4.0,20.0,12.0,1.29,2.45,11.0,8.0,4.0,4.0,0.0,0.0,16.0,7.0,45.0,45.0,8.0,5.0,3.0,2.0,0.0,0.0,52.0,48.0,2.45,1.29,Bet365,1.25,1.42,5.25,4.2,8.0,5.75,92.0,,3.01,3.01,3.01,2.7900000000000005,0.0,1.9300000000000008,3.98,0.0,21.0,1.3200000000000005,1.3200000000000005,1.2500000000000002,1.1700000000000002,0.07,0.37,0.75,0.0,13.0
4756628,144,1,2026-08-15,1786812300.0,20.75,5,True,Ended,11134,Khor Fakkan,8347,Shabab Al Ahly,1.0,5.0,0.15,3.44,0.97,4.35,4.0,1.0,7.0,27.0,3.83,0.74,6.0,11.0,0.0,10.0,0.0,0.0,3.0,20.0,137.0,177.0,2.0,9.0,2.0,7.0,0.0,1.0,33.0,67.0,0.74,3.83,Bet365,5.25,5.25,4.5,4.33,1.42,1.45,92.10763888888889,91.05208333333333,0.7400000000000001,0.7400000000000001,0.7400000000000001,0.6600000000000001,0.0,0.64,0.97,0.0,7.0,3.85,3.0600000000000005,2.83,2.76,0.2299999999999999,0.44,4.3500000000000005,1.0,27.0
4756604,144,1,2026-08-16,1786889400.0,18.166666666666668,6,True,Ended,11135,Hatta Club,8344,Jazira Abu Dhabi,0.0,2.0,0.28,1.72,0.0,2.56,8.0,0.0,7.0,23.0,2.48,0.49,10.0,11.0,2.0,10.0,0.0,0.0,5.0,15.0,73.0,80.0,0.0,11.0,0.0,3.0,1.0,2.0,42.0,58.0,0.49,2.48,Bet365,7.0,5.25,4.33,3.9,1.33,1.5,,91.94444444444444,0.5,0.5,0.5,0.39,0.0,0.25,0.0,0.0,7.0,2.49,2.49,2.3600000000000003,1.6500000000000004,0.13,1.5499999999999998,2.5600000000000005,0.0,23.0
4756597,144,1,2026-08-16,1786898700.0,20.75,6,True,Ended,8345,Baniyas,8353,Al Ain,2.0,4.0,0.43,3.52,0.97,4.05,11.0,3.0,9.0,30.0,3.68,0.92,10.0,11.0,2.0,19.0,1.0,0.0,4.0,20.0,49.0,106.0,5.0,15.0,1.0,3.0,3.0,0.0,28.0,72.0,0.92,3.68,Bet365,7.5,6.5,5.5,5.0,1.27,1.33,92.05208333333333,92.05208333333333,0.9,0.9,0.86,0.6000000000000001,0.04,0.28,0.97,0.0,9.0,3.73,2.9400000000000004,2.7900000000000005,2.3400000000000003,0.15,1.1100000000000003,4.05,1.0,30.0
4781144,144,2,2026-08-21,1787320800.0,18.0,4,True,Ended,8355,Kalba,8346,Al Wasl,0.0,3.0,0.46,0.87,0.0,2.64,3.0,0.0,9.0,14.0,1.9,0.77,10.0,10.0,6.0,5.0,0.0,0.0,8.0,10.0,84.0,77.0,2.0,6.0,0.0,2.0,0.0,1.0,50.0,50.0,0.77,1.9,Bet365,4.33,4.5,4.0,4.0,1.65,1.55,6.993055555555555,5.885416666666667,0.78,0.78,0.66,0.59,0.12,0.07,0.0,0.0,9.0,1.9,1.11,1.11,0.8599999999999999,0.0,0.08,2.64,1.0,14.0
4781142,144,2,2026-08-21,1787330100.0,20.583333333333332,4,True,Ended,8349,Al Nasr Dubai,8350,Al-Wahda,1.0,0.0,0.42,0.41,1.06,0.01,1.0,2.0,9.0,13.0,0.51,1.26,13.0,12.0,2.0,3.0,0.0,0.0,6.0,6.0,101.0,99.0,3.0,2.0,1.0,0.0,2.0,0.0,52.0,48.0,1.26,0.51,Bet365,2.3,3.1,3.5,3.5,2.55,1.95,7.100694444444445,6.993055555555555,1.27,0.48,0.44,0.27,0.04,0.0799999999999999,1.06,1.0,9.0,0.5100000000000001,0.5100000000000001,0.45,0.43,0.06,0.27,0.01,0.0,13.0
4781141,144,2,2026-08-22,1787407200.0,18.0,5,True,Ended,8347,Shabab Al Ahly,8352,Al Dhafra,2.0,0.0,1.99,0.45,1.89,0.74,2.0,4.0,20.0,6.0,1.09,2.04,9.0,9.0,8.0,1.0,0.0,0.0,14.0,3.0,100.0,58.0,6.0,2.0,2.0,1.0,2.0,3.0,64.0,36.0,2.04,1.09,Bet365,1.25,1.42,5.75,4.75,11.0,6.5,6.885416666666667,6.993055555555555,2.04,2.04,1.6700000000000004,1.6700000000000004,0.37,1.73,1.88,0.0,20.0,1.09,0.3,0.3,0.27,0.0,0.05,0.74,1.0,6.0
4781143,144,2,2026-08-22,1787407200.0,18.0,5,True,Ended,8652,Ajman Club,11135,Hatta Club,4.0,3.0,1.3,0.33,1.99,1.77,2.0,2.0,13.0,9.0,1.12,1.86,15.0,13.0,3.0,4.0,0.0,0.0,6.0,6.0,137.0,168.0,6.0,5.0,4.0,1.0,0.0,0.0,51.0,49.0,1.86,1.12,Bet365,1.53,1.57,4.0,4.0,4.75,4.33,7.885416666666667,5.993055555555555,1.8500000000000003,1.8500000000000003,1.7000000000000002,1.25,0.15,1.29,2.0,0.0,13.0,1.1200000000000003,0.33,0.13,0.13,0.2,0.33,1.77,1.0,9.0
4781140,144,2,2026-08-22,1787416500.0,20.583333333333332,5,True,Ended,8353,Al Ain,11134,Khor Fakkan,2.0,0.0,2.58,0.1,0.52,0.0,1.0,1.0,23.0,4.0,0.08,2.04,11.0,8.0,14.0,1.0,0.0,0.0,18.0,3.0,114.0,51.0,2.0,0.0,2.0,0.0,0.0,0.0,64.0,36.0,2.04,0.08,Bet365,1.22,1.2,6.0,6.25,8.0,9.5,5.993055555555555,6.993055555555555,2.0700000000000003,2.0700000000000003,2.0700000000000003,2.0700000000000003,0.0,1.14,0.52,0.0,23.0,0.08,0.08,0.08,0.05,0.0,0.04,0.0,0.0,5.0
4781139,144,2,2026-08-23,1787493600.0,18.0,6,True,Ended,8345,Baniyas,77221,Dubai United,2.0,3.0,1.12,0.62,0.69,2.08,1.0,2.0,17.0,9.0,1.6,1.28,12.0,12.0,9.0,3.0,0.0,0.0,12.0,6.0,71.0,55.0,4.0,4.0,1.0,5.0,1.0,0.0,51.0,49.0,1.28,1.6,Bet365,1.85,1.9,3.6,3.6,3.3,3.25,6.885416666666667,7.885416666666667,1.2800000000000002,1.2800000000000002,1.2400000000000002,0.7799999999999999,0.04,0.0,0.6900000000000001,0.0,17.0,1.65,0.8600000000000001,0.8600000000000001,0.71,0.0,0.0,2.08,1.0,9.0
4781138,144,2,2026-08-23,1787502900.0,20.583333333333332,6,True,Ended,8351,Sharjah SC,8344,Jazira Abu Dhabi,0.0,2.0,0.92,0.72,0.33,0.86,0.0,3.0,14.0,7.0,0.82,1.33,16.0,20.0,3.0,1.0,1.0,0.0,9.0,7.0,89.0,52.0,4.0,2.0,0.0,3.0,1.0,3.0,56.0,44.0,1.33,0.82,Bet365,3.3,3.1,3.4,3.5,1.95,2.0,8.100694444444445,7.100694444444445,1.3400000000000003,1.3400000000000003,0.6000000000000001,0.5700000000000001,0.7400000000000001,0.2499999999999999,0.34,0.0,14.0,0.8299999999999998,0.8299999999999998,0.81,0.81,0.02,0.6499999999999999,0.8600000000000001,0.0,7.0
4781137,144,3,2026-08-28,1787925300.0,17.916666666666668,4,True,Ended,77221,Dubai United,8355,Kalba,4.0,1.0,0.98,0.94,3.43,1.06,4.0,1.0,7.0,15.0,0.68,2.66,8.0,12.0,4.0,5.0,0.0,1.0,6.0,6.0,87.0,113.0,5.0,5.0,4.0,1.0,1.0,0.0,50.0,50.0,2.66,0.68,Bet365,2.45,2.45,3.5,3.5,2.4,2.38,4.996527777777778,6.996527777777778,2.67,2.67,2.65,2.32,0.02,1.03,3.42,0.0,7.0,0.6900000000000001,0.6900000000000001,0.53,0.42,0.16,0.53,1.06,0.0,15.0
4781136,144,3,2026-08-28,1787934600.0,20.5,4,True,Ended,8346,Al Wasl,8347,Shabab Al Ahly,0.0,1.0,2.09,0.37,0.72,0.26,1.0,3.0,19.0,7.0,0.6,1.44,18.0,16.0,6.0,1.0,0.0,0.0,12.0,5.0,85.0,64.0,3.0,2.0,0.0,0.0,1.0,2.0,59.0,41.0,1.44,0.6,Bet365,2.62,2.88,3.4,3.5,2.2,2.05,7.104166666666667,6.104166666666667,1.4500000000000002,1.4500000000000002,1.41,1.39,0.04,0.66,0.72,0.0,19.0,0.6000000000000001,0.6000000000000001,0.56,0.51,0.04,0.6000000000000001,0.26,0.0,7.0
4781134,144,3,2026-08-29,1788011700.0,17.916666666666668,5,True,Ended,11134,Khor Fakkan,8352,Al Dhafra,2.0,0.0,0.52,0.98,1.27,0.51,3.0,2.0,8.0,12.0,1.0,0.97,13.0,12.0,1.0,4.0,0.0,0.0,6.0,8.0,55.0,124.0,5.0,2.0,3.0,0.0,1.0,1.0,39.0,61.0,0.97,1.0,Bet365,2.15,2.1,3.4,3.4,2.75,2.88,6.888888888888889,6.996527777777778,0.95,0.95,0.95,0.8400000000000001,0.0,0.4,1.26,0.0,8.0,0.9900000000000002,0.9900000000000002,0.9800000000000002,0.8800000000000001,0.01,0.42,0.51,0.0,12.0
4781135,144,3,2026-08-29,1788011700.0,17.916666666666668,5,True,Ended,8344,Jazira Abu Dhabi,8652,Ajman Club,3.0,0.0,1.35,0.34,1.72,0.03,1.0,3.0,11.0,6.0,0.64,1.33,15.0,14.0,5.0,0.0,0.0,0.0,11.0,5.0,81.0,77.0,5.0,1.0,3.0,0.0,0.0,3.0,50.0,50.0,1.33,0.64,Bet365,1.48,1.48,4.1,4.1,4.75,4.75,5.888888888888889,6.996527777777778,1.33,1.33,1.23,1.23,0.1,0.62,1.7200000000000002,0.0,11.0,0.6400000000000001,0.6400000000000001,0.6000000000000001,0.6000000000000001,0.04,0.5700000000000001,0.03,0.0,7.0
4781131,144,3,2026-08-29,1788021000.0,20.5,5,True,Ended,8353,Al Ain,8349,Al Nasr Dubai,2.0,1.0,1.25,0.34,2.46,0.68,0.0,5.0,23.0,6.0,0.53,2.55,7.0,9.0,8.0,2.0,0.0,0.0,14.0,2.0,112.0,83.0,7.0,1.0,1.0,2.0,1.0,1.0,55.0,45.0,2.55,0.53,Bet365,1.48,1.33,4.0,4.75,5.25,6.5,6.996527777777778,7.996527777777778,2.5500000000000007,1.76,1.51,1.51,0.25,1.0800000000000003,2.45,1.0,23.0,0.5700000000000001,0.5700000000000001,0.5700000000000001,0.5700000000000001,0.0,0.34,0.68,0.0,7.0
4781132,144,3,2026-08-30,1788098100.0,17.916666666666668,6,True,Ended,11135,Hatta Club,8351,Sharjah SC,0.0,3.0,0.52,2.01,0.44,2.68,2.0,2.0,4.0,20.0,2.5,0.58,12.0,22.0,1.0,7.0,0.0,0.0,2.0,14.0,102.0,76.0,2.0,5.0,0.0,3.0,0.0,2.0,45.0,55.0,0.58,2.5,Bet365,4.75,3.6,4.0,3.6,1.53,1.8,7.996527777777778,6.888888888888889,0.5800000000000001,0.5800000000000001,0.5800000000000001,0.5800000000000001,0.0,0.0,0.45,0.0,4.0,2.48,2.48,2.48,2.43,0.0,0.91,2.67,0.0,20.0
4781133,144,3,2026-08-30,1788107400.0,20.5,6,True,Ended,8350,Al-Wahda,8345,Baniyas,2.0,1.0,1.43,0.77,1.89,1.44,2.0,2.0,22.0,9.0,1.06,3.65,5.0,10.0,9.0,0.0,0.0,0.0,16.0,7.0,122.0,75.0,4.0,4.0,3.0,2.0,1.0,2.0,60.0,40.0,3.65,1.06,Bet365,1.53,1.55,4.0,4.0,4.75,4.75,8.996527777777779,7.104166666666667,3.65,3.65,3.58,2.31,0.07,3.5,1.89,0.0,22.0,1.07,1.07,1.07,1.07,0.0,0.8700000000000001,1.44,0.0,9.0
4781130,144,4,2026-09-04,1788529500.0,17.75,4,True,Ended,8355,Kalba,8353,Al Ain,0.0,2.0,1.73,1.05,0.4,2.79,5.0,8.0,17.0,18.0,2.98,1.3,11.0,10.0,3.0,7.0,0.0,0.0,8.0,16.0,,,8.0,7.0,1.0,2.0,2.0,0.0,50.0,50.0,1.3,2.98,Bet365,9.0,13.0,5.0,6.25,1.25,1.17,6.993055555555555,5.885416666666667,1.29,1.29,1.1800000000000002,0.95,0.11,0.03,0.4,0.0,17.0,2.9899999999999998,2.9899999999999998,2.9299999999999997,1.99,0.06,0.96,2.77,0.0,18.0
4781129,144,4,2026-09-04,1788538500.0,20.25,4,False,Halftime,8346,Al Wasl,11134,Khor Fakkan,,,,,,,,,,,,,,,,,,,,,,,,,,,,,,,,,Bet365,1.01,1.28,23.0,4.5,34.0,8.0,6.989583333333333,6.097222222222222,,,,,,,,,,,,,,,,,,
4781126,144,4,2026-09-05,1788615900.0,17.75,5,False,Scheduled,8351,Sharjah SC,77221,Dubai United,,,,,,,,,,,,,,,,,,,,,,,,,,,,,,,,,Bet365,1.45,1.45,4.2,4.2,5.25,5.25,5.993055555555555,7.993055555555555,,,,,,,,,,,,,,,,,,
4781127,144,4,2026-09-05,1788615900.0,17.75,5,False,Scheduled,8345,Baniyas,11135,Hatta Club,,,,,,,,,,,,,,,,,,,,,,,,,,,,,,,,,Bet365,1.7,1.7,3.75,3.75,3.8,3.8,5.885416666666667,5.993055555555555,,,,,,,,,,,,,,,,,,
4781124,144,4,2026-09-05,1788624900.0,20.25,5,False,Scheduled,8347,Shabab Al Ahly,8344,Jazira Abu Dhabi,,,,,,,,,,,,,,,,,,,,,,,,,,,,,,,,,Bet365,2.0,2.0,3.6,3.6,3.0,3.0,7.989583333333333,7.097222222222222,,,,,,,,,,,,,,,,,,
4781125,144,4,2026-09-06,1788702300.0,17.75,6,False,Scheduled,8349,Al Nasr Dubai,8652,Ajman Club,,,,,,,,,,,,,,,,,,,,,,,,,,,,,,,,,,,,,,,,7.885416666666667,7.993055555555555,,,,,,,,,,,,,,,,,,
4781128,144,4,2026-09-06,1788711300.0,20.25,6,False,Scheduled,8352,Al Dhafra,8350,Al-Wahda,,,,,,,,,,,,,,,,,,,,,,,,,,,,,,,,,,,,,,,,8.097222222222221,6.989583333333333,,,,,,,,,,,,,,,,,,
4820630,144,5,2026-09-10,1789047600.0,17.666666666666668,3,False,Scheduled,77221,Dubai United,8347,Shabab Al Ahly,,,,,,,,,,,,,,,,,,,,,,,,,,,,,,,,,,,,,,,,12.989583333333334,12.881944444444445,,,,,,,,,,,,,,,,,,
4820631,144,5,2026-09-10,1789047600.0,17.666666666666668,3,False,Scheduled,8344,Jazira Abu Dhabi,8349,Al Nasr Dubai,,,,,,,,,,,,,,,,,,,,,,,,,,,,,,,,,,,,,,,,11.989583333333334,11.881944444444445,,,,,,,,,,,,,,,,,,
4820626,144,5,2026-09-10,1789056900.0,20.25,3,False,Scheduled,8353,Al Ain,8346,Al Wasl,,,,,,,,,,,,,,,,,,,,,,,,,,,,,,,,,,,,,,,,6.104166666666667,12.989583333333334,,,,,,,,,,,,,,,,,,
4820627,144,5,2026-09-11,1789134000.0,17.666666666666668,4,False,Scheduled,11134,Khor Fakkan,8345,Baniyas,,,,,,,,,,,,,,,,,,,,,,,,,,,,,,,,,,,,,,,,12.989583333333334,11.881944444444445,,,,,,,,,,,,,,,,,,
4820628,144,5,2026-09-11,1789134000.0,17.666666666666668,4,False,Scheduled,11135,Hatta Club,8352,Al Dhafra,,,,,,,,,,,,,,,,,,,,,,,,,,,,,,,,,,,,,,,,11.989583333333334,12.989583333333334,,,,,,,,,,,,,,,,,,
4820625,144,5,2026-09-11,1789143300.0,20.25,4,False,Scheduled,8652,Ajman Club,8355,Kalba,,,,,,,,,,,,,,,,,,,,,,,,,,,,,,,,,,,,,,,,13.097222222222221,7.104166666666667,,,,,,,,,,,,,,,,,,
4820629,144,5,2026-09-11,1789143300.0,20.25,4,False,Scheduled,8350,Al-Wahda,8351,Sharjah SC,,,,,,,,,,,,,,,,,,,,,,,,,,,,,,,,,,,,,,,,11.989583333333334,12.097222222222221,,,,,,,,,,,,,,,,,,
